Data_Referencia,Codi_Districte,Nom_Districte,Codi_Barri,Nom_Barri,AEB,Seccio_Censal,Valor,SEXE
2026-01-01,1,Ciutat Vella,1,el Raval,1,1001,682,1
2026-01-01,1,Ciutat Vella,1,el Raval,1,1001,741,2
2026-01-01,1,Ciutat Vella,1,el Raval,1,1002,639,1
2026-01-01,1,Ciutat Vella,1,el Raval,1,1002,771,2
2026-01-01,1,Ciutat Vella,1,el Raval,2,1003,1831,1
2026-01-01,1,Ciutat Vella,1,el Raval,2,1003,1998,2
2026-01-01,1,Ciutat Vella,1,el Raval,2,1004,1378,1
2026-01-01,1,Ciutat Vella,1,el Raval,2,1004,1719,2
2026-01-01,1,Ciutat Vella,1,el Raval,3,1005,1154,1
2026-01-01,1,Ciutat Vella,1,el Raval,3,1005,1429,2
2026-01-01,1,Ciutat Vella,1,el Raval,3,1006,831,1
2026-01-01,1,Ciutat Vella,1,el Raval,3,1006,1014,2
2026-01-01,1,Ciutat Vella,1,el Raval,3,1007,883,1
2026-01-01,1,Ciutat Vella,1,el Raval,3,1007,1328,2
2026-01-01,1,Ciutat Vella,1,el Raval,4,1008,1445,1
2026-01-01,1,Ciutat Vella,1,el Raval,4,1008,1957,2
2026-01-01,1,Ciutat Vella,1,el Raval,4,1009,1045,1
2026-01-01,1,Ciutat Vella,1,el Raval,4,1009,1343,2
2026-01-01,1,Ciutat Vella,1,el Raval,4,1010,1146,1
2026-01-01,1,Ciutat Vella,1,el Raval,4,1010,1520,2
2026-01-01,1,Ciutat Vella,1,el Raval,5,1011,1684,1
2026-01-01,1,Ciutat Vella,1,el Raval,5,1011,2088,2
2026-01-01,1,Ciutat Vella,1,el Raval,5,1012,1003,1
2026-01-01,1,Ciutat Vella,1,el Raval,5,1012,1136,2
2026-01-01,1,Ciutat Vella,1,el Raval,5,1013,707,1
2026-01-01,1,Ciutat Vella,1,el Raval,5,1013,765,2
2026-01-01,1,Ciutat Vella,1,el Raval,6,1014,872,1
2026-01-01,1,Ciutat Vella,1,el Raval,6,1014,901,2
2026-01-01,1,Ciutat Vella,1,el Raval,6,1015,1254,1
2026-01-01,1,Ciutat Vella,1,el Raval,6,1015,1376,2
2026-01-01,1,Ciutat Vella,1,el Raval,6,1016,1086,1
2026-01-01,1,Ciutat Vella,1,el Raval,6,1016,1086,2
2026-01-01,1,Ciutat Vella,1,el Raval,6,1017,1296,1
2026-01-01,1,Ciutat Vella,1,el Raval,6,1017,1509,2
2026-01-01,1,Ciutat Vella,1,el Raval,7,1018,816,1
2026-01-01,1,Ciutat Vella,1,el Raval,7,1018,819,2
2026-01-01,1,Ciutat Vella,1,el Raval,7,1019,1353,1
2026-01-01,1,Ciutat Vella,1,el Raval,7,1019,1730,2
2026-01-01,1,Ciutat Vella,1,el Raval,7,1020,1175,1
2026-01-01,1,Ciutat Vella,1,el Raval,7,1020,1094,2
2026-01-01,1,Ciutat Vella,1,el Raval,8,1021,1135,1
2026-01-01,1,Ciutat Vella,1,el Raval,8,1021,1124,2
2026-01-01,1,Ciutat Vella,2,el Barri Gòtic,9,1022,699,1
2026-01-01,1,Ciutat Vella,2,el Barri Gòtic,9,1022,744,2
2026-01-01,1,Ciutat Vella,2,el Barri Gòtic,9,1023,1097,1
2026-01-01,1,Ciutat Vella,2,el Barri Gòtic,9,1023,1199,2
2026-01-01,1,Ciutat Vella,2,el Barri Gòtic,10,1025,707,1
2026-01-01,1,Ciutat Vella,2,el Barri Gòtic,10,1025,776,2
2026-01-01,1,Ciutat Vella,2,el Barri Gòtic,10,1026,2535,1
2026-01-01,1,Ciutat Vella,2,el Barri Gòtic,10,1026,10054,2
2026-01-01,1,Ciutat Vella,2,el Barri Gòtic,10,1027,784,1
2026-01-01,1,Ciutat Vella,2,el Barri Gòtic,10,1027,838,2
2026-01-01,1,Ciutat Vella,2,el Barri Gòtic,11,1028,1000,1
2026-01-01,1,Ciutat Vella,2,el Barri Gòtic,11,1028,1024,2
2026-01-01,1,Ciutat Vella,2,el Barri Gòtic,11,1029,711,1
2026-01-01,1,Ciutat Vella,2,el Barri Gòtic,11,1029,811,2
2026-01-01,1,Ciutat Vella,2,el Barri Gòtic,12,1030,1222,1
2026-01-01,1,Ciutat Vella,2,el Barri Gòtic,12,1030,1321,2
2026-01-01,1,Ciutat Vella,2,el Barri Gòtic,12,1031,794,1
2026-01-01,1,Ciutat Vella,2,el Barri Gòtic,12,1031,996,2
2026-01-01,1,Ciutat Vella,3,la Barceloneta,13,1032,882,1
2026-01-01,1,Ciutat Vella,3,la Barceloneta,13,1032,866,2
2026-01-01,1,Ciutat Vella,3,la Barceloneta,13,1033,500,1
2026-01-01,1,Ciutat Vella,3,la Barceloneta,13,1033,583,2
2026-01-01,1,Ciutat Vella,3,la Barceloneta,13,1034,509,1
2026-01-01,1,Ciutat Vella,3,la Barceloneta,13,1034,488,2
2026-01-01,1,Ciutat Vella,3,la Barceloneta,14,1035,568,1
2026-01-01,1,Ciutat Vella,3,la Barceloneta,14,1035,583,2
2026-01-01,1,Ciutat Vella,3,la Barceloneta,14,1036,611,1
2026-01-01,1,Ciutat Vella,3,la Barceloneta,14,1036,536,2
2026-01-01,1,Ciutat Vella,3,la Barceloneta,15,1037,671,1
2026-01-01,1,Ciutat Vella,3,la Barceloneta,15,1037,633,2
2026-01-01,1,Ciutat Vella,3,la Barceloneta,15,1038,690,1
2026-01-01,1,Ciutat Vella,3,la Barceloneta,15,1038,738,2
2026-01-01,1,Ciutat Vella,3,la Barceloneta,15,1039,639,1
2026-01-01,1,Ciutat Vella,3,la Barceloneta,15,1039,705,2
2026-01-01,1,Ciutat Vella,3,la Barceloneta,15,1040,542,1
2026-01-01,1,Ciutat Vella,3,la Barceloneta,15,1040,534,2
2026-01-01,1,Ciutat Vella,3,la Barceloneta,15,1041,763,1
2026-01-01,1,Ciutat Vella,3,la Barceloneta,15,1041,780,2
2026-01-01,1,Ciutat Vella,3,la Barceloneta,15,1042,932,1
2026-01-01,1,Ciutat Vella,3,la Barceloneta,15,1042,912,2
2026-01-01,1,Ciutat Vella,4,"Sant Pere, Santa Caterina i la Ribera",16,1043,839,1
2026-01-01,1,Ciutat Vella,4,"Sant Pere, Santa Caterina i la Ribera",16,1043,958,2
2026-01-01,1,Ciutat Vella,4,"Sant Pere, Santa Caterina i la Ribera",16,1044,729,1
2026-01-01,1,Ciutat Vella,4,"Sant Pere, Santa Caterina i la Ribera",16,1044,683,2
2026-01-01,1,Ciutat Vella,4,"Sant Pere, Santa Caterina i la Ribera",16,1045,981,1
2026-01-01,1,Ciutat Vella,4,"Sant Pere, Santa Caterina i la Ribera",16,1045,1075,2
2026-01-01,1,Ciutat Vella,4,"Sant Pere, Santa Caterina i la Ribera",16,1046,915,1
2026-01-01,1,Ciutat Vella,4,"Sant Pere, Santa Caterina i la Ribera",16,1046,1004,2
2026-01-01,1,Ciutat Vella,4,"Sant Pere, Santa Caterina i la Ribera",17,1047,879,1
2026-01-01,1,Ciutat Vella,4,"Sant Pere, Santa Caterina i la Ribera",17,1047,902,2
2026-01-01,1,Ciutat Vella,4,"Sant Pere, Santa Caterina i la Ribera",17,1048,1129,1
2026-01-01,1,Ciutat Vella,4,"Sant Pere, Santa Caterina i la Ribera",17,1048,1134,2
2026-01-01,1,Ciutat Vella,4,"Sant Pere, Santa Caterina i la Ribera",17,1049,726,1
2026-01-01,1,Ciutat Vella,4,"Sant Pere, Santa Caterina i la Ribera",17,1049,743,2
2026-01-01,1,Ciutat Vella,4,"Sant Pere, Santa Caterina i la Ribera",18,1050,758,1
2026-01-01,1,Ciutat Vella,4,"Sant Pere, Santa Caterina i la Ribera",18,1050,835,2
2026-01-01,1,Ciutat Vella,4,"Sant Pere, Santa Caterina i la Ribera",18,1051,873,1
2026-01-01,1,Ciutat Vella,4,"Sant Pere, Santa Caterina i la Ribera",18,1051,952,2
2026-01-01,1,Ciutat Vella,4,"Sant Pere, Santa Caterina i la Ribera",18,1052,1226,1
2026-01-01,1,Ciutat Vella,4,"Sant Pere, Santa Caterina i la Ribera",18,1052,1184,2
2026-01-01,1,Ciutat Vella,4,"Sant Pere, Santa Caterina i la Ribera",19,1053,950,1
2026-01-01,1,Ciutat Vella,4,"Sant Pere, Santa Caterina i la Ribera",19,1053,898,2
2026-01-01,1,Ciutat Vella,4,"Sant Pere, Santa Caterina i la Ribera",19,1054,622,1
2026-01-01,1,Ciutat Vella,4,"Sant Pere, Santa Caterina i la Ribera",19,1054,612,2
2026-01-01,1,Ciutat Vella,4,"Sant Pere, Santa Caterina i la Ribera",19,1055,724,1
2026-01-01,1,Ciutat Vella,4,"Sant Pere, Santa Caterina i la Ribera",19,1055,658,2
2026-01-01,2,Eixample,5,el Fort Pienc,20,2001,702,1
2026-01-01,2,Eixample,5,el Fort Pienc,20,2001,642,2
2026-01-01,2,Eixample,5,el Fort Pienc,20,2002,2309,1
2026-01-01,2,Eixample,5,el Fort Pienc,20,2002,2969,2
2026-01-01,2,Eixample,5,el Fort Pienc,20,2003,621,1
2026-01-01,2,Eixample,5,el Fort Pienc,20,2003,498,2
2026-01-01,2,Eixample,5,el Fort Pienc,20,2004,774,1
2026-01-01,2,Eixample,5,el Fort Pienc,20,2004,720,2
2026-01-01,2,Eixample,5,el Fort Pienc,20,2005,1244,1
2026-01-01,2,Eixample,5,el Fort Pienc,20,2005,2801,2
2026-01-01,2,Eixample,5,el Fort Pienc,20,2006,843,1
2026-01-01,2,Eixample,5,el Fort Pienc,20,2006,786,2
2026-01-01,2,Eixample,5,el Fort Pienc,20,2007,684,1
2026-01-01,2,Eixample,5,el Fort Pienc,20,2007,599,2
2026-01-01,2,Eixample,5,el Fort Pienc,20,2008,1021,1
2026-01-01,2,Eixample,5,el Fort Pienc,20,2008,923,2
2026-01-01,2,Eixample,5,el Fort Pienc,20,2009,928,1
2026-01-01,2,Eixample,5,el Fort Pienc,20,2009,789,2
2026-01-01,2,Eixample,5,el Fort Pienc,21,2010,661,1
2026-01-01,2,Eixample,5,el Fort Pienc,21,2010,562,2
2026-01-01,2,Eixample,5,el Fort Pienc,21,2011,567,1
2026-01-01,2,Eixample,5,el Fort Pienc,21,2011,543,2
2026-01-01,2,Eixample,5,el Fort Pienc,21,2012,813,1
2026-01-01,2,Eixample,5,el Fort Pienc,21,2012,758,2
2026-01-01,2,Eixample,5,el Fort Pienc,21,2013,689,1
2026-01-01,2,Eixample,5,el Fort Pienc,21,2013,679,2
2026-01-01,2,Eixample,5,el Fort Pienc,22,2014,722,1
2026-01-01,2,Eixample,5,el Fort Pienc,22,2014,667,2
2026-01-01,2,Eixample,5,el Fort Pienc,22,2015,859,1
2026-01-01,2,Eixample,5,el Fort Pienc,22,2015,803,2
2026-01-01,2,Eixample,5,el Fort Pienc,22,2016,1026,1
2026-01-01,2,Eixample,5,el Fort Pienc,22,2016,939,2
2026-01-01,2,Eixample,5,el Fort Pienc,22,2017,1050,1
2026-01-01,2,Eixample,5,el Fort Pienc,22,2017,928,2
2026-01-01,2,Eixample,5,el Fort Pienc,22,2018,984,1
2026-01-01,2,Eixample,5,el Fort Pienc,22,2018,867,2
2026-01-01,2,Eixample,5,el Fort Pienc,22,2019,1049,1
2026-01-01,2,Eixample,5,el Fort Pienc,22,2019,940,2
2026-01-01,2,Eixample,5,el Fort Pienc,22,2020,916,1
2026-01-01,2,Eixample,5,el Fort Pienc,22,2020,797,2
2026-01-01,2,Eixample,6,la Sagrada Família,23,2021,806,1
2026-01-01,2,Eixample,6,la Sagrada Família,23,2021,705,2
2026-01-01,2,Eixample,6,la Sagrada Família,23,2022,683,1
2026-01-01,2,Eixample,6,la Sagrada Família,23,2022,633,2
2026-01-01,2,Eixample,6,la Sagrada Família,23,2023,558,1
2026-01-01,2,Eixample,6,la Sagrada Família,23,2023,455,2
2026-01-01,2,Eixample,6,la Sagrada Família,23,2024,630,1
2026-01-01,2,Eixample,6,la Sagrada Família,23,2024,588,2
2026-01-01,2,Eixample,6,la Sagrada Família,24,2025,645,1
2026-01-01,2,Eixample,6,la Sagrada Família,24,2025,553,2
2026-01-01,2,Eixample,6,la Sagrada Família,24,2026,1120,1
2026-01-01,2,Eixample,6,la Sagrada Família,24,2026,978,2
2026-01-01,2,Eixample,6,la Sagrada Família,24,2027,1067,1
2026-01-01,2,Eixample,6,la Sagrada Família,24,2027,1006,2
2026-01-01,2,Eixample,6,la Sagrada Família,24,2028,1093,1
2026-01-01,2,Eixample,6,la Sagrada Família,24,2028,973,2
2026-01-01,2,Eixample,6,la Sagrada Família,24,2029,711,1
2026-01-01,2,Eixample,6,la Sagrada Família,24,2029,585,2
2026-01-01,2,Eixample,6,la Sagrada Família,24,2030,786,1
2026-01-01,2,Eixample,6,la Sagrada Família,24,2030,671,2
2026-01-01,2,Eixample,6,la Sagrada Família,24,2031,567,1
2026-01-01,2,Eixample,6,la Sagrada Família,24,2031,472,2
2026-01-01,2,Eixample,6,la Sagrada Família,24,2032,714,1
2026-01-01,2,Eixample,6,la Sagrada Família,24,2032,533,2
2026-01-01,2,Eixample,6,la Sagrada Família,25,2033,654,1
2026-01-01,2,Eixample,6,la Sagrada Família,25,2033,571,2
2026-01-01,2,Eixample,6,la Sagrada Família,25,2034,696,1
2026-01-01,2,Eixample,6,la Sagrada Família,25,2034,506,2
2026-01-01,2,Eixample,6,la Sagrada Família,25,2035,745,1
2026-01-01,2,Eixample,6,la Sagrada Família,25,2035,618,2
2026-01-01,2,Eixample,6,la Sagrada Família,25,2036,652,1
2026-01-01,2,Eixample,6,la Sagrada Família,25,2036,554,2
2026-01-01,2,Eixample,6,la Sagrada Família,25,2037,624,1
2026-01-01,2,Eixample,6,la Sagrada Família,25,2037,567,2
2026-01-01,2,Eixample,6,la Sagrada Família,25,2038,795,1
2026-01-01,2,Eixample,6,la Sagrada Família,25,2038,748,2
2026-01-01,2,Eixample,6,la Sagrada Família,25,2039,1062,1
2026-01-01,2,Eixample,6,la Sagrada Família,25,2039,848,2
2026-01-01,2,Eixample,6,la Sagrada Família,25,2040,918,1
2026-01-01,2,Eixample,6,la Sagrada Família,25,2040,865,2
2026-01-01,2,Eixample,6,la Sagrada Família,26,2041,950,1
2026-01-01,2,Eixample,6,la Sagrada Família,26,2041,765,2
2026-01-01,2,Eixample,6,la Sagrada Família,26,2042,907,1
2026-01-01,2,Eixample,6,la Sagrada Família,26,2042,768,2
2026-01-01,2,Eixample,6,la Sagrada Família,26,2043,809,1
2026-01-01,2,Eixample,6,la Sagrada Família,26,2043,727,2
2026-01-01,2,Eixample,6,la Sagrada Família,26,2044,727,1
2026-01-01,2,Eixample,6,la Sagrada Família,26,2044,585,2
2026-01-01,2,Eixample,6,la Sagrada Família,26,2045,648,1
2026-01-01,2,Eixample,6,la Sagrada Família,26,2045,566,2
2026-01-01,2,Eixample,6,la Sagrada Família,26,2046,1066,1
2026-01-01,2,Eixample,6,la Sagrada Família,26,2046,912,2
2026-01-01,2,Eixample,6,la Sagrada Família,26,2047,1000,1
2026-01-01,2,Eixample,6,la Sagrada Família,26,2047,901,2
2026-01-01,2,Eixample,6,la Sagrada Família,26,2048,762,1
2026-01-01,2,Eixample,6,la Sagrada Família,26,2048,652,2
2026-01-01,2,Eixample,6,la Sagrada Família,27,2049,1143,1
2026-01-01,2,Eixample,6,la Sagrada Família,27,2049,976,2
2026-01-01,2,Eixample,6,la Sagrada Família,27,2050,923,1
2026-01-01,2,Eixample,6,la Sagrada Família,27,2050,779,2
2026-01-01,2,Eixample,6,la Sagrada Família,27,2051,1019,1
2026-01-01,2,Eixample,6,la Sagrada Família,27,2051,887,2
2026-01-01,2,Eixample,6,la Sagrada Família,27,2052,982,1
2026-01-01,2,Eixample,6,la Sagrada Família,27,2052,852,2
2026-01-01,2,Eixample,6,la Sagrada Família,27,2053,1023,1
2026-01-01,2,Eixample,6,la Sagrada Família,27,2053,897,2
2026-01-01,2,Eixample,6,la Sagrada Família,27,2054,1071,1
2026-01-01,2,Eixample,6,la Sagrada Família,27,2054,949,2
2026-01-01,2,Eixample,7,la Dreta de l'Eixample,28,2055,934,1
2026-01-01,2,Eixample,7,la Dreta de l'Eixample,28,2055,858,2
2026-01-01,2,Eixample,7,la Dreta de l'Eixample,28,2056,896,1
2026-01-01,2,Eixample,7,la Dreta de l'Eixample,28,2056,728,2
2026-01-01,2,Eixample,7,la Dreta de l'Eixample,28,2057,680,1
2026-01-01,2,Eixample,7,la Dreta de l'Eixample,28,2057,592,2
2026-01-01,2,Eixample,7,la Dreta de l'Eixample,28,2058,765,1
2026-01-01,2,Eixample,7,la Dreta de l'Eixample,28,2058,670,2
2026-01-01,2,Eixample,7,la Dreta de l'Eixample,28,2059,928,1
2026-01-01,2,Eixample,7,la Dreta de l'Eixample,28,2059,777,2
2026-01-01,2,Eixample,7,la Dreta de l'Eixample,28,2060,942,1
2026-01-01,2,Eixample,7,la Dreta de l'Eixample,28,2060,825,2
2026-01-01,2,Eixample,7,la Dreta de l'Eixample,29,2061,768,1
2026-01-01,2,Eixample,7,la Dreta de l'Eixample,29,2061,616,2
2026-01-01,2,Eixample,7,la Dreta de l'Eixample,29,2062,853,1
2026-01-01,2,Eixample,7,la Dreta de l'Eixample,29,2062,755,2
2026-01-01,2,Eixample,7,la Dreta de l'Eixample,29,2063,719,1
2026-01-01,2,Eixample,7,la Dreta de l'Eixample,29,2063,522,2
2026-01-01,2,Eixample,7,la Dreta de l'Eixample,29,2064,753,1
2026-01-01,2,Eixample,7,la Dreta de l'Eixample,29,2064,621,2
2026-01-01,2,Eixample,7,la Dreta de l'Eixample,29,2065,1042,1
2026-01-01,2,Eixample,7,la Dreta de l'Eixample,29,2065,910,2
2026-01-01,2,Eixample,7,la Dreta de l'Eixample,30,2066,983,1
2026-01-01,2,Eixample,7,la Dreta de l'Eixample,30,2066,823,2
2026-01-01,2,Eixample,7,la Dreta de l'Eixample,30,2067,942,1
2026-01-01,2,Eixample,7,la Dreta de l'Eixample,30,2067,773,2
2026-01-01,2,Eixample,7,la Dreta de l'Eixample,30,2068,918,1
2026-01-01,2,Eixample,7,la Dreta de l'Eixample,30,2068,803,2
2026-01-01,2,Eixample,7,la Dreta de l'Eixample,30,2069,727,1
2026-01-01,2,Eixample,7,la Dreta de l'Eixample,30,2069,646,2
2026-01-01,2,Eixample,7,la Dreta de l'Eixample,31,2070,668,1
2026-01-01,2,Eixample,7,la Dreta de l'Eixample,31,2070,580,2
2026-01-01,2,Eixample,7,la Dreta de l'Eixample,31,2071,881,1
2026-01-01,2,Eixample,7,la Dreta de l'Eixample,31,2071,814,2
2026-01-01,2,Eixample,7,la Dreta de l'Eixample,31,2072,648,1
2026-01-01,2,Eixample,7,la Dreta de l'Eixample,31,2072,616,2
2026-01-01,2,Eixample,7,la Dreta de l'Eixample,32,2073,934,1
2026-01-01,2,Eixample,7,la Dreta de l'Eixample,32,2073,866,2
2026-01-01,2,Eixample,7,la Dreta de l'Eixample,32,2074,620,1
2026-01-01,2,Eixample,7,la Dreta de l'Eixample,32,2074,639,2
2026-01-01,2,Eixample,7,la Dreta de l'Eixample,32,2075,638,1
2026-01-01,2,Eixample,7,la Dreta de l'Eixample,32,2075,574,2
2026-01-01,2,Eixample,7,la Dreta de l'Eixample,32,2076,836,1
2026-01-01,2,Eixample,7,la Dreta de l'Eixample,32,2076,756,2
2026-01-01,2,Eixample,7,la Dreta de l'Eixample,33,2077,898,1
2026-01-01,2,Eixample,7,la Dreta de l'Eixample,33,2077,945,2
2026-01-01,2,Eixample,7,la Dreta de l'Eixample,34,2078,734,1
2026-01-01,2,Eixample,7,la Dreta de l'Eixample,34,2078,646,2
2026-01-01,2,Eixample,7,la Dreta de l'Eixample,34,2079,756,1
2026-01-01,2,Eixample,7,la Dreta de l'Eixample,34,2079,722,2
2026-01-01,2,Eixample,7,la Dreta de l'Eixample,35,2080,860,1
2026-01-01,2,Eixample,7,la Dreta de l'Eixample,35,2080,795,2
2026-01-01,2,Eixample,7,la Dreta de l'Eixample,35,2081,1209,1
2026-01-01,2,Eixample,7,la Dreta de l'Eixample,35,2081,1059,2
2026-01-01,2,Eixample,7,la Dreta de l'Eixample,36,2082,537,1
2026-01-01,2,Eixample,7,la Dreta de l'Eixample,36,2082,462,2
2026-01-01,2,Eixample,7,la Dreta de l'Eixample,36,2083,1100,1
2026-01-01,2,Eixample,7,la Dreta de l'Eixample,36,2083,902,2
2026-01-01,2,Eixample,8,l'Antiga Esquerra de l'Eixample,37,2084,1155,1
2026-01-01,2,Eixample,8,l'Antiga Esquerra de l'Eixample,37,2084,950,2
2026-01-01,2,Eixample,8,l'Antiga Esquerra de l'Eixample,37,2085,825,1
2026-01-01,2,Eixample,8,l'Antiga Esquerra de l'Eixample,37,2085,622,2
2026-01-01,2,Eixample,8,l'Antiga Esquerra de l'Eixample,37,2086,806,1
2026-01-01,2,Eixample,8,l'Antiga Esquerra de l'Eixample,37,2086,622,2
2026-01-01,2,Eixample,8,l'Antiga Esquerra de l'Eixample,37,2087,796,1
2026-01-01,2,Eixample,8,l'Antiga Esquerra de l'Eixample,37,2087,653,2
2026-01-01,2,Eixample,8,l'Antiga Esquerra de l'Eixample,38,2088,922,1
2026-01-01,2,Eixample,8,l'Antiga Esquerra de l'Eixample,38,2088,823,2
2026-01-01,2,Eixample,8,l'Antiga Esquerra de l'Eixample,38,2089,970,1
2026-01-01,2,Eixample,8,l'Antiga Esquerra de l'Eixample,38,2089,877,2
2026-01-01,2,Eixample,8,l'Antiga Esquerra de l'Eixample,38,2090,954,1
2026-01-01,2,Eixample,8,l'Antiga Esquerra de l'Eixample,38,2090,833,2
2026-01-01,2,Eixample,8,l'Antiga Esquerra de l'Eixample,39,2091,942,1
2026-01-01,2,Eixample,8,l'Antiga Esquerra de l'Eixample,39,2091,915,2
2026-01-01,2,Eixample,8,l'Antiga Esquerra de l'Eixample,39,2092,908,1
2026-01-01,2,Eixample,8,l'Antiga Esquerra de l'Eixample,39,2092,894,2
2026-01-01,2,Eixample,8,l'Antiga Esquerra de l'Eixample,40,2093,876,1
2026-01-01,2,Eixample,8,l'Antiga Esquerra de l'Eixample,40,2093,840,2
2026-01-01,2,Eixample,8,l'Antiga Esquerra de l'Eixample,40,2094,773,1
2026-01-01,2,Eixample,8,l'Antiga Esquerra de l'Eixample,40,2094,753,2
2026-01-01,2,Eixample,8,l'Antiga Esquerra de l'Eixample,40,2095,764,1
2026-01-01,2,Eixample,8,l'Antiga Esquerra de l'Eixample,40,2095,749,2
2026-01-01,2,Eixample,8,l'Antiga Esquerra de l'Eixample,40,2096,752,1
2026-01-01,2,Eixample,8,l'Antiga Esquerra de l'Eixample,40,2096,681,2
2026-01-01,2,Eixample,8,l'Antiga Esquerra de l'Eixample,40,2097,604,1
2026-01-01,2,Eixample,8,l'Antiga Esquerra de l'Eixample,40,2097,540,2
2026-01-01,2,Eixample,8,l'Antiga Esquerra de l'Eixample,41,2098,781,1
2026-01-01,2,Eixample,8,l'Antiga Esquerra de l'Eixample,41,2098,748,2
2026-01-01,2,Eixample,8,l'Antiga Esquerra de l'Eixample,41,2099,786,1
2026-01-01,2,Eixample,8,l'Antiga Esquerra de l'Eixample,41,2099,746,2
2026-01-01,2,Eixample,8,l'Antiga Esquerra de l'Eixample,41,2100,742,1
2026-01-01,2,Eixample,8,l'Antiga Esquerra de l'Eixample,41,2100,670,2
2026-01-01,2,Eixample,8,l'Antiga Esquerra de l'Eixample,41,2101,1216,1
2026-01-01,2,Eixample,8,l'Antiga Esquerra de l'Eixample,41,2101,1032,2
2026-01-01,2,Eixample,8,l'Antiga Esquerra de l'Eixample,42,2102,762,1
2026-01-01,2,Eixample,8,l'Antiga Esquerra de l'Eixample,42,2102,623,2
2026-01-01,2,Eixample,8,l'Antiga Esquerra de l'Eixample,42,2103,904,1
2026-01-01,2,Eixample,8,l'Antiga Esquerra de l'Eixample,42,2103,795,2
2026-01-01,2,Eixample,8,l'Antiga Esquerra de l'Eixample,42,2104,606,1
2026-01-01,2,Eixample,8,l'Antiga Esquerra de l'Eixample,42,2104,565,2
2026-01-01,2,Eixample,8,l'Antiga Esquerra de l'Eixample,42,2105,1175,1
2026-01-01,2,Eixample,8,l'Antiga Esquerra de l'Eixample,42,2105,1020,2
2026-01-01,2,Eixample,8,l'Antiga Esquerra de l'Eixample,43,2106,757,1
2026-01-01,2,Eixample,8,l'Antiga Esquerra de l'Eixample,43,2106,673,2
2026-01-01,2,Eixample,8,l'Antiga Esquerra de l'Eixample,43,2107,879,1
2026-01-01,2,Eixample,8,l'Antiga Esquerra de l'Eixample,43,2107,753,2
2026-01-01,2,Eixample,8,l'Antiga Esquerra de l'Eixample,43,2108,939,1
2026-01-01,2,Eixample,8,l'Antiga Esquerra de l'Eixample,43,2108,718,2
2026-01-01,2,Eixample,8,l'Antiga Esquerra de l'Eixample,43,2109,1224,1
2026-01-01,2,Eixample,8,l'Antiga Esquerra de l'Eixample,43,2109,1008,2
2026-01-01,2,Eixample,9,la Nova Esquerra de l'Eixample,44,2110,1081,1
2026-01-01,2,Eixample,9,la Nova Esquerra de l'Eixample,44,2110,938,2
2026-01-01,2,Eixample,9,la Nova Esquerra de l'Eixample,44,2111,1061,1
2026-01-01,2,Eixample,9,la Nova Esquerra de l'Eixample,44,2111,914,2
2026-01-01,2,Eixample,9,la Nova Esquerra de l'Eixample,44,2112,688,1
2026-01-01,2,Eixample,9,la Nova Esquerra de l'Eixample,44,2112,575,2
2026-01-01,2,Eixample,9,la Nova Esquerra de l'Eixample,44,2113,1181,1
2026-01-01,2,Eixample,9,la Nova Esquerra de l'Eixample,44,2113,1079,2
2026-01-01,2,Eixample,9,la Nova Esquerra de l'Eixample,44,2114,892,1
2026-01-01,2,Eixample,9,la Nova Esquerra de l'Eixample,44,2114,732,2
2026-01-01,2,Eixample,9,la Nova Esquerra de l'Eixample,45,2115,815,1
2026-01-01,2,Eixample,9,la Nova Esquerra de l'Eixample,45,2115,692,2
2026-01-01,2,Eixample,9,la Nova Esquerra de l'Eixample,45,2116,532,1
2026-01-01,2,Eixample,9,la Nova Esquerra de l'Eixample,45,2116,469,2
2026-01-01,2,Eixample,9,la Nova Esquerra de l'Eixample,45,2117,686,1
2026-01-01,2,Eixample,9,la Nova Esquerra de l'Eixample,45,2117,537,2
2026-01-01,2,Eixample,9,la Nova Esquerra de l'Eixample,45,2118,789,1
2026-01-01,2,Eixample,9,la Nova Esquerra de l'Eixample,45,2118,657,2
2026-01-01,2,Eixample,9,la Nova Esquerra de l'Eixample,45,2119,670,1
2026-01-01,2,Eixample,9,la Nova Esquerra de l'Eixample,45,2119,629,2
2026-01-01,2,Eixample,9,la Nova Esquerra de l'Eixample,45,2120,605,1
2026-01-01,2,Eixample,9,la Nova Esquerra de l'Eixample,45,2120,580,2
2026-01-01,2,Eixample,9,la Nova Esquerra de l'Eixample,45,2121,669,1
2026-01-01,2,Eixample,9,la Nova Esquerra de l'Eixample,45,2121,604,2
2026-01-01,2,Eixample,9,la Nova Esquerra de l'Eixample,45,2122,605,1
2026-01-01,2,Eixample,9,la Nova Esquerra de l'Eixample,45,2122,497,2
2026-01-01,2,Eixample,9,la Nova Esquerra de l'Eixample,45,2123,588,1
2026-01-01,2,Eixample,9,la Nova Esquerra de l'Eixample,45,2123,554,2
2026-01-01,2,Eixample,9,la Nova Esquerra de l'Eixample,46,2124,630,1
2026-01-01,2,Eixample,9,la Nova Esquerra de l'Eixample,46,2124,518,2
2026-01-01,2,Eixample,9,la Nova Esquerra de l'Eixample,46,2125,918,1
2026-01-01,2,Eixample,9,la Nova Esquerra de l'Eixample,46,2125,771,2
2026-01-01,2,Eixample,9,la Nova Esquerra de l'Eixample,46,2126,813,1
2026-01-01,2,Eixample,9,la Nova Esquerra de l'Eixample,46,2126,657,2
2026-01-01,2,Eixample,9,la Nova Esquerra de l'Eixample,46,2127,648,1
2026-01-01,2,Eixample,9,la Nova Esquerra de l'Eixample,46,2127,575,2
2026-01-01,2,Eixample,9,la Nova Esquerra de l'Eixample,46,2128,717,1
2026-01-01,2,Eixample,9,la Nova Esquerra de l'Eixample,46,2128,625,2
2026-01-01,2,Eixample,9,la Nova Esquerra de l'Eixample,46,2129,870,1
2026-01-01,2,Eixample,9,la Nova Esquerra de l'Eixample,46,2129,707,2
2026-01-01,2,Eixample,9,la Nova Esquerra de l'Eixample,47,2130,575,1
2026-01-01,2,Eixample,9,la Nova Esquerra de l'Eixample,47,2130,495,2
2026-01-01,2,Eixample,9,la Nova Esquerra de l'Eixample,47,2131,616,1
2026-01-01,2,Eixample,9,la Nova Esquerra de l'Eixample,47,2131,563,2
2026-01-01,2,Eixample,9,la Nova Esquerra de l'Eixample,47,2132,534,1
2026-01-01,2,Eixample,9,la Nova Esquerra de l'Eixample,47,2132,503,2
2026-01-01,2,Eixample,9,la Nova Esquerra de l'Eixample,47,2133,483,1
2026-01-01,2,Eixample,9,la Nova Esquerra de l'Eixample,47,2133,391,2
2026-01-01,2,Eixample,9,la Nova Esquerra de l'Eixample,47,2134,776,1
2026-01-01,2,Eixample,9,la Nova Esquerra de l'Eixample,47,2134,739,2
2026-01-01,2,Eixample,9,la Nova Esquerra de l'Eixample,47,2135,1115,1
2026-01-01,2,Eixample,9,la Nova Esquerra de l'Eixample,47,2135,964,2
2026-01-01,2,Eixample,9,la Nova Esquerra de l'Eixample,47,2136,475,1
2026-01-01,2,Eixample,9,la Nova Esquerra de l'Eixample,47,2136,417,2
2026-01-01,2,Eixample,9,la Nova Esquerra de l'Eixample,48,2137,790,1
2026-01-01,2,Eixample,9,la Nova Esquerra de l'Eixample,48,2137,713,2
2026-01-01,2,Eixample,9,la Nova Esquerra de l'Eixample,48,2138,1064,1
2026-01-01,2,Eixample,9,la Nova Esquerra de l'Eixample,48,2138,919,2
2026-01-01,2,Eixample,9,la Nova Esquerra de l'Eixample,48,2139,929,1
2026-01-01,2,Eixample,9,la Nova Esquerra de l'Eixample,48,2139,814,2
2026-01-01,2,Eixample,9,la Nova Esquerra de l'Eixample,48,2140,988,1
2026-01-01,2,Eixample,9,la Nova Esquerra de l'Eixample,48,2140,916,2
2026-01-01,2,Eixample,9,la Nova Esquerra de l'Eixample,48,2141,680,1
2026-01-01,2,Eixample,9,la Nova Esquerra de l'Eixample,48,2141,551,2
2026-01-01,2,Eixample,9,la Nova Esquerra de l'Eixample,49,2142,1032,1
2026-01-01,2,Eixample,9,la Nova Esquerra de l'Eixample,49,2142,946,2
2026-01-01,2,Eixample,9,la Nova Esquerra de l'Eixample,49,2143,824,1
2026-01-01,2,Eixample,9,la Nova Esquerra de l'Eixample,49,2143,769,2
2026-01-01,2,Eixample,9,la Nova Esquerra de l'Eixample,49,2144,833,1
2026-01-01,2,Eixample,9,la Nova Esquerra de l'Eixample,49,2144,734,2
2026-01-01,2,Eixample,9,la Nova Esquerra de l'Eixample,49,2145,682,1
2026-01-01,2,Eixample,9,la Nova Esquerra de l'Eixample,49,2145,645,2
2026-01-01,2,Eixample,9,la Nova Esquerra de l'Eixample,50,2146,674,1
2026-01-01,2,Eixample,9,la Nova Esquerra de l'Eixample,50,2146,594,2
2026-01-01,2,Eixample,9,la Nova Esquerra de l'Eixample,50,2147,1104,1
2026-01-01,2,Eixample,9,la Nova Esquerra de l'Eixample,50,2147,1029,2
2026-01-01,2,Eixample,9,la Nova Esquerra de l'Eixample,50,2148,821,1
2026-01-01,2,Eixample,9,la Nova Esquerra de l'Eixample,50,2148,780,2
2026-01-01,2,Eixample,9,la Nova Esquerra de l'Eixample,50,2149,970,1
2026-01-01,2,Eixample,9,la Nova Esquerra de l'Eixample,50,2149,902,2
2026-01-01,2,Eixample,10,Sant Antoni,51,2150,778,1
2026-01-01,2,Eixample,10,Sant Antoni,51,2150,725,2
2026-01-01,2,Eixample,10,Sant Antoni,51,2151,813,1
2026-01-01,2,Eixample,10,Sant Antoni,51,2151,730,2
2026-01-01,2,Eixample,10,Sant Antoni,51,2152,652,1
2026-01-01,2,Eixample,10,Sant Antoni,51,2152,596,2
2026-01-01,2,Eixample,10,Sant Antoni,51,2153,752,1
2026-01-01,2,Eixample,10,Sant Antoni,51,2153,655,2
2026-01-01,2,Eixample,10,Sant Antoni,51,2154,553,1
2026-01-01,2,Eixample,10,Sant Antoni,51,2154,482,2
2026-01-01,2,Eixample,10,Sant Antoni,51,2155,980,1
2026-01-01,2,Eixample,10,Sant Antoni,51,2155,836,2
2026-01-01,2,Eixample,10,Sant Antoni,51,2156,705,1
2026-01-01,2,Eixample,10,Sant Antoni,51,2156,611,2
2026-01-01,2,Eixample,10,Sant Antoni,51,2157,674,1
2026-01-01,2,Eixample,10,Sant Antoni,51,2157,610,2
2026-01-01,2,Eixample,10,Sant Antoni,52,2158,880,1
2026-01-01,2,Eixample,10,Sant Antoni,52,2158,796,2
2026-01-01,2,Eixample,10,Sant Antoni,52,2159,1011,1
2026-01-01,2,Eixample,10,Sant Antoni,52,2159,955,2
2026-01-01,2,Eixample,10,Sant Antoni,52,2160,1057,1
2026-01-01,2,Eixample,10,Sant Antoni,52,2160,1026,2
2026-01-01,2,Eixample,10,Sant Antoni,52,2161,591,1
2026-01-01,2,Eixample,10,Sant Antoni,52,2161,559,2
2026-01-01,2,Eixample,10,Sant Antoni,52,2162,734,1
2026-01-01,2,Eixample,10,Sant Antoni,52,2162,658,2
2026-01-01,2,Eixample,10,Sant Antoni,53,2163,916,1
2026-01-01,2,Eixample,10,Sant Antoni,53,2163,902,2
2026-01-01,2,Eixample,10,Sant Antoni,53,2164,834,1
2026-01-01,2,Eixample,10,Sant Antoni,53,2164,791,2
2026-01-01,2,Eixample,10,Sant Antoni,53,2165,876,1
2026-01-01,2,Eixample,10,Sant Antoni,53,2165,862,2
2026-01-01,2,Eixample,10,Sant Antoni,54,2166,1100,1
2026-01-01,2,Eixample,10,Sant Antoni,54,2166,999,2
2026-01-01,2,Eixample,10,Sant Antoni,54,2167,1145,1
2026-01-01,2,Eixample,10,Sant Antoni,54,2167,1099,2
2026-01-01,2,Eixample,10,Sant Antoni,54,2168,1236,1
2026-01-01,2,Eixample,10,Sant Antoni,54,2168,1084,2
2026-01-01,2,Eixample,10,Sant Antoni,55,2169,770,1
2026-01-01,2,Eixample,10,Sant Antoni,55,2169,756,2
2026-01-01,2,Eixample,10,Sant Antoni,55,2170,808,1
2026-01-01,2,Eixample,10,Sant Antoni,55,2170,750,2
2026-01-01,2,Eixample,10,Sant Antoni,55,2171,809,1
2026-01-01,2,Eixample,10,Sant Antoni,55,2171,818,2
2026-01-01,2,Eixample,10,Sant Antoni,55,2172,793,1
2026-01-01,2,Eixample,10,Sant Antoni,55,2172,709,2
2026-01-01,2,Eixample,10,Sant Antoni,55,2173,780,1
2026-01-01,2,Eixample,10,Sant Antoni,55,2173,722,2
2026-01-01,3,Sants-Montjuïc,11,el Poble-sec,56,3001,897,1
2026-01-01,3,Sants-Montjuïc,11,el Poble-sec,56,3001,814,2
2026-01-01,3,Sants-Montjuïc,11,el Poble-sec,56,3002,946,1
2026-01-01,3,Sants-Montjuïc,11,el Poble-sec,56,3002,967,2
2026-01-01,3,Sants-Montjuïc,11,el Poble-sec,56,3003,828,1
2026-01-01,3,Sants-Montjuïc,11,el Poble-sec,56,3003,790,2
2026-01-01,3,Sants-Montjuïc,11,el Poble-sec,56,3004,802,1
2026-01-01,3,Sants-Montjuïc,11,el Poble-sec,56,3004,742,2
2026-01-01,3,Sants-Montjuïc,11,el Poble-sec,56,3005,616,1
2026-01-01,3,Sants-Montjuïc,11,el Poble-sec,56,3005,562,2
2026-01-01,3,Sants-Montjuïc,11,el Poble-sec,56,3006,712,1
2026-01-01,3,Sants-Montjuïc,11,el Poble-sec,56,3006,729,2
2026-01-01,3,Sants-Montjuïc,11,el Poble-sec,56,3007,875,1
2026-01-01,3,Sants-Montjuïc,11,el Poble-sec,56,3007,809,2
2026-01-01,3,Sants-Montjuïc,11,el Poble-sec,56,3008,602,1
2026-01-01,3,Sants-Montjuïc,11,el Poble-sec,56,3008,568,2
2026-01-01,3,Sants-Montjuïc,11,el Poble-sec,56,3009,666,1
2026-01-01,3,Sants-Montjuïc,11,el Poble-sec,56,3009,593,2
2026-01-01,3,Sants-Montjuïc,11,el Poble-sec,57,3010,891,1
2026-01-01,3,Sants-Montjuïc,11,el Poble-sec,57,3010,971,2
2026-01-01,3,Sants-Montjuïc,11,el Poble-sec,57,3011,919,1
2026-01-01,3,Sants-Montjuïc,11,el Poble-sec,57,3011,904,2
2026-01-01,3,Sants-Montjuïc,11,el Poble-sec,57,3012,1067,1
2026-01-01,3,Sants-Montjuïc,11,el Poble-sec,57,3012,1085,2
2026-01-01,3,Sants-Montjuïc,11,el Poble-sec,57,3013,866,1
2026-01-01,3,Sants-Montjuïc,11,el Poble-sec,57,3013,926,2
2026-01-01,3,Sants-Montjuïc,11,el Poble-sec,57,3014,919,1
2026-01-01,3,Sants-Montjuïc,11,el Poble-sec,57,3014,956,2
2026-01-01,3,Sants-Montjuïc,11,el Poble-sec,57,3015,1615,1
2026-01-01,3,Sants-Montjuïc,11,el Poble-sec,57,3015,1686,2
2026-01-01,3,Sants-Montjuïc,11,el Poble-sec,57,3016,631,1
2026-01-01,3,Sants-Montjuïc,11,el Poble-sec,57,3016,597,2
2026-01-01,3,Sants-Montjuïc,11,el Poble-sec,57,3017,791,1
2026-01-01,3,Sants-Montjuïc,11,el Poble-sec,57,3017,840,2
2026-01-01,3,Sants-Montjuïc,11,el Poble-sec,58,3018,863,1
2026-01-01,3,Sants-Montjuïc,11,el Poble-sec,58,3018,917,2
2026-01-01,3,Sants-Montjuïc,11,el Poble-sec,58,3019,773,1
2026-01-01,3,Sants-Montjuïc,11,el Poble-sec,58,3019,754,2
2026-01-01,3,Sants-Montjuïc,11,el Poble-sec,58,3020,587,1
2026-01-01,3,Sants-Montjuïc,11,el Poble-sec,58,3020,662,2
2026-01-01,3,Sants-Montjuïc,11,el Poble-sec,58,3021,562,1
2026-01-01,3,Sants-Montjuïc,11,el Poble-sec,58,3021,524,2
2026-01-01,3,Sants-Montjuïc,11,el Poble-sec,58,3022,705,1
2026-01-01,3,Sants-Montjuïc,11,el Poble-sec,58,3022,737,2
2026-01-01,3,Sants-Montjuïc,11,el Poble-sec,59,3023,927,1
2026-01-01,3,Sants-Montjuïc,11,el Poble-sec,59,3023,912,2
2026-01-01,3,Sants-Montjuïc,11,el Poble-sec,59,3024,993,1
2026-01-01,3,Sants-Montjuïc,11,el Poble-sec,59,3024,1038,2
2026-01-01,3,Sants-Montjuïc,12,la Marina del Prat Vermell,60,3025,1557,1
2026-01-01,3,Sants-Montjuïc,12,la Marina del Prat Vermell,60,3025,1617,2
2026-01-01,3,Sants-Montjuïc,13,la Marina de Port,61,3026,539,1
2026-01-01,3,Sants-Montjuïc,13,la Marina de Port,61,3026,497,2
2026-01-01,3,Sants-Montjuïc,13,la Marina de Port,61,3027,891,1
2026-01-01,3,Sants-Montjuïc,13,la Marina de Port,61,3027,799,2
2026-01-01,3,Sants-Montjuïc,13,la Marina de Port,61,3028,1411,1
2026-01-01,3,Sants-Montjuïc,13,la Marina de Port,61,3028,1294,2
2026-01-01,3,Sants-Montjuïc,13,la Marina de Port,61,3029,655,1
2026-01-01,3,Sants-Montjuïc,13,la Marina de Port,61,3029,636,2
2026-01-01,3,Sants-Montjuïc,13,la Marina de Port,61,3030,894,1
2026-01-01,3,Sants-Montjuïc,13,la Marina de Port,61,3030,766,2
2026-01-01,3,Sants-Montjuïc,13,la Marina de Port,62,3031,1326,1
2026-01-01,3,Sants-Montjuïc,13,la Marina de Port,62,3031,1208,2
2026-01-01,3,Sants-Montjuïc,13,la Marina de Port,62,3032,917,1
2026-01-01,3,Sants-Montjuïc,13,la Marina de Port,62,3032,867,2
2026-01-01,3,Sants-Montjuïc,13,la Marina de Port,62,3033,762,1
2026-01-01,3,Sants-Montjuïc,13,la Marina de Port,62,3033,785,2
2026-01-01,3,Sants-Montjuïc,13,la Marina de Port,62,3034,798,1
2026-01-01,3,Sants-Montjuïc,13,la Marina de Port,62,3034,747,2
2026-01-01,3,Sants-Montjuïc,13,la Marina de Port,62,3211,791,1
2026-01-01,3,Sants-Montjuïc,13,la Marina de Port,62,3211,754,2
2026-01-01,3,Sants-Montjuïc,13,la Marina de Port,63,3035,1170,1
2026-01-01,3,Sants-Montjuïc,13,la Marina de Port,63,3035,1099,2
2026-01-01,3,Sants-Montjuïc,13,la Marina de Port,63,3036,1280,1
2026-01-01,3,Sants-Montjuïc,13,la Marina de Port,63,3036,1142,2
2026-01-01,3,Sants-Montjuïc,13,la Marina de Port,63,3037,511,1
2026-01-01,3,Sants-Montjuïc,13,la Marina de Port,63,3037,475,2
2026-01-01,3,Sants-Montjuïc,13,la Marina de Port,63,3212,1364,1
2026-01-01,3,Sants-Montjuïc,13,la Marina de Port,63,3212,1248,2
2026-01-01,3,Sants-Montjuïc,13,la Marina de Port,63,3213,1243,1
2026-01-01,3,Sants-Montjuïc,13,la Marina de Port,63,3213,1177,2
2026-01-01,3,Sants-Montjuïc,13,la Marina de Port,64,3038,510,1
2026-01-01,3,Sants-Montjuïc,13,la Marina de Port,64,3038,452,2
2026-01-01,3,Sants-Montjuïc,13,la Marina de Port,64,3039,1428,1
2026-01-01,3,Sants-Montjuïc,13,la Marina de Port,64,3039,1332,2
2026-01-01,3,Sants-Montjuïc,14,la Font de la Guatlla,65,3040,814,1
2026-01-01,3,Sants-Montjuïc,14,la Font de la Guatlla,65,3040,1205,2
2026-01-01,3,Sants-Montjuïc,14,la Font de la Guatlla,65,3041,710,1
2026-01-01,3,Sants-Montjuïc,14,la Font de la Guatlla,65,3041,690,2
2026-01-01,3,Sants-Montjuïc,14,la Font de la Guatlla,65,3042,705,1
2026-01-01,3,Sants-Montjuïc,14,la Font de la Guatlla,65,3042,696,2
2026-01-01,3,Sants-Montjuïc,14,la Font de la Guatlla,65,3043,856,1
2026-01-01,3,Sants-Montjuïc,14,la Font de la Guatlla,65,3043,772,2
2026-01-01,3,Sants-Montjuïc,14,la Font de la Guatlla,65,3044,937,1
2026-01-01,3,Sants-Montjuïc,14,la Font de la Guatlla,65,3044,870,2
2026-01-01,3,Sants-Montjuïc,14,la Font de la Guatlla,65,3045,544,1
2026-01-01,3,Sants-Montjuïc,14,la Font de la Guatlla,65,3045,549,2
2026-01-01,3,Sants-Montjuïc,14,la Font de la Guatlla,65,3046,797,1
2026-01-01,3,Sants-Montjuïc,14,la Font de la Guatlla,65,3046,724,2
2026-01-01,3,Sants-Montjuïc,15,Hostafrancs,66,3047,945,1
2026-01-01,3,Sants-Montjuïc,15,Hostafrancs,66,3047,854,2
2026-01-01,3,Sants-Montjuïc,15,Hostafrancs,66,3048,968,1
2026-01-01,3,Sants-Montjuïc,15,Hostafrancs,66,3048,1006,2
2026-01-01,3,Sants-Montjuïc,15,Hostafrancs,66,3049,907,1
2026-01-01,3,Sants-Montjuïc,15,Hostafrancs,66,3049,800,2
2026-01-01,3,Sants-Montjuïc,15,Hostafrancs,66,3050,850,1
2026-01-01,3,Sants-Montjuïc,15,Hostafrancs,66,3050,845,2
2026-01-01,3,Sants-Montjuïc,15,Hostafrancs,67,3051,945,1
2026-01-01,3,Sants-Montjuïc,15,Hostafrancs,67,3051,904,2
2026-01-01,3,Sants-Montjuïc,15,Hostafrancs,67,3052,768,1
2026-01-01,3,Sants-Montjuïc,15,Hostafrancs,67,3052,691,2
2026-01-01,3,Sants-Montjuïc,15,Hostafrancs,67,3053,1167,1
2026-01-01,3,Sants-Montjuïc,15,Hostafrancs,67,3053,1111,2
2026-01-01,3,Sants-Montjuïc,15,Hostafrancs,67,3054,872,1
2026-01-01,3,Sants-Montjuïc,15,Hostafrancs,67,3054,812,2
2026-01-01,3,Sants-Montjuïc,15,Hostafrancs,67,3055,821,1
2026-01-01,3,Sants-Montjuïc,15,Hostafrancs,67,3055,782,2
2026-01-01,3,Sants-Montjuïc,15,Hostafrancs,67,3056,517,1
2026-01-01,3,Sants-Montjuïc,15,Hostafrancs,67,3056,456,2
2026-01-01,3,Sants-Montjuïc,16,la Bordeta,68,3057,805,1
2026-01-01,3,Sants-Montjuïc,16,la Bordeta,68,3057,706,2
2026-01-01,3,Sants-Montjuïc,16,la Bordeta,68,3058,974,1
2026-01-01,3,Sants-Montjuïc,16,la Bordeta,68,3058,922,2
2026-01-01,3,Sants-Montjuïc,16,la Bordeta,68,3059,692,1
2026-01-01,3,Sants-Montjuïc,16,la Bordeta,68,3059,636,2
2026-01-01,3,Sants-Montjuïc,16,la Bordeta,68,3060,728,1
2026-01-01,3,Sants-Montjuïc,16,la Bordeta,68,3060,670,2
2026-01-01,3,Sants-Montjuïc,16,la Bordeta,68,3061,619,1
2026-01-01,3,Sants-Montjuïc,16,la Bordeta,68,3061,552,2
2026-01-01,3,Sants-Montjuïc,16,la Bordeta,69,3062,911,1
2026-01-01,3,Sants-Montjuïc,16,la Bordeta,69,3062,796,2
2026-01-01,3,Sants-Montjuïc,16,la Bordeta,69,3063,1052,1
2026-01-01,3,Sants-Montjuïc,16,la Bordeta,69,3063,1014,2
2026-01-01,3,Sants-Montjuïc,16,la Bordeta,69,3064,991,1
2026-01-01,3,Sants-Montjuïc,16,la Bordeta,69,3064,1180,2
2026-01-01,3,Sants-Montjuïc,16,la Bordeta,69,3065,719,1
2026-01-01,3,Sants-Montjuïc,16,la Bordeta,69,3065,674,2
2026-01-01,3,Sants-Montjuïc,16,la Bordeta,69,3066,1234,1
2026-01-01,3,Sants-Montjuïc,16,la Bordeta,69,3066,1160,2
2026-01-01,3,Sants-Montjuïc,16,la Bordeta,69,3067,947,1
2026-01-01,3,Sants-Montjuïc,16,la Bordeta,69,3067,805,2
2026-01-01,3,Sants-Montjuïc,16,la Bordeta,69,3068,617,1
2026-01-01,3,Sants-Montjuïc,16,la Bordeta,69,3068,555,2
2026-01-01,3,Sants-Montjuïc,16,la Bordeta,69,3069,602,1
2026-01-01,3,Sants-Montjuïc,16,la Bordeta,69,3069,592,2
2026-01-01,3,Sants-Montjuïc,17,Sants - Badal,70,3070,735,1
2026-01-01,3,Sants-Montjuïc,17,Sants - Badal,70,3070,724,2
2026-01-01,3,Sants-Montjuïc,17,Sants - Badal,70,3071,743,1
2026-01-01,3,Sants-Montjuïc,17,Sants - Badal,70,3071,679,2
2026-01-01,3,Sants-Montjuïc,17,Sants - Badal,70,3072,751,1
2026-01-01,3,Sants-Montjuïc,17,Sants - Badal,70,3072,636,2
2026-01-01,3,Sants-Montjuïc,17,Sants - Badal,70,3073,863,1
2026-01-01,3,Sants-Montjuïc,17,Sants - Badal,70,3073,768,2
2026-01-01,3,Sants-Montjuïc,17,Sants - Badal,70,3074,975,1
2026-01-01,3,Sants-Montjuïc,17,Sants - Badal,70,3074,867,2
2026-01-01,3,Sants-Montjuïc,17,Sants - Badal,70,3075,947,1
2026-01-01,3,Sants-Montjuïc,17,Sants - Badal,70,3075,817,2
2026-01-01,3,Sants-Montjuïc,17,Sants - Badal,70,3076,552,1
2026-01-01,3,Sants-Montjuïc,17,Sants - Badal,70,3076,514,2
2026-01-01,3,Sants-Montjuïc,17,Sants - Badal,70,3077,794,1
2026-01-01,3,Sants-Montjuïc,17,Sants - Badal,70,3077,661,2
2026-01-01,3,Sants-Montjuïc,17,Sants - Badal,70,3078,925,1
2026-01-01,3,Sants-Montjuïc,17,Sants - Badal,70,3078,829,2
2026-01-01,3,Sants-Montjuïc,17,Sants - Badal,70,3079,995,1
2026-01-01,3,Sants-Montjuïc,17,Sants - Badal,70,3079,858,2
2026-01-01,3,Sants-Montjuïc,17,Sants - Badal,70,3080,827,1
2026-01-01,3,Sants-Montjuïc,17,Sants - Badal,70,3080,710,2
2026-01-01,3,Sants-Montjuïc,17,Sants - Badal,71,3081,1115,1
2026-01-01,3,Sants-Montjuïc,17,Sants - Badal,71,3081,923,2
2026-01-01,3,Sants-Montjuïc,17,Sants - Badal,71,3082,977,1
2026-01-01,3,Sants-Montjuïc,17,Sants - Badal,71,3082,907,2
2026-01-01,3,Sants-Montjuïc,17,Sants - Badal,71,3083,717,1
2026-01-01,3,Sants-Montjuïc,17,Sants - Badal,71,3083,642,2
2026-01-01,3,Sants-Montjuïc,17,Sants - Badal,71,3084,781,1
2026-01-01,3,Sants-Montjuïc,17,Sants - Badal,71,3084,674,2
2026-01-01,3,Sants-Montjuïc,17,Sants - Badal,71,3085,737,1
2026-01-01,3,Sants-Montjuïc,17,Sants - Badal,71,3085,600,2
2026-01-01,3,Sants-Montjuïc,18,Sants,72,3086,668,1
2026-01-01,3,Sants-Montjuïc,18,Sants,72,3086,603,2
2026-01-01,3,Sants-Montjuïc,18,Sants,72,3087,816,1
2026-01-01,3,Sants-Montjuïc,18,Sants,72,3087,735,2
2026-01-01,3,Sants-Montjuïc,18,Sants,72,3088,765,1
2026-01-01,3,Sants-Montjuïc,18,Sants,72,3088,629,2
2026-01-01,3,Sants-Montjuïc,18,Sants,72,3089,641,1
2026-01-01,3,Sants-Montjuïc,18,Sants,72,3089,568,2
2026-01-01,3,Sants-Montjuïc,18,Sants,72,3090,545,1
2026-01-01,3,Sants-Montjuïc,18,Sants,72,3090,463,2
2026-01-01,3,Sants-Montjuïc,18,Sants,72,3091,753,1
2026-01-01,3,Sants-Montjuïc,18,Sants,72,3091,704,2
2026-01-01,3,Sants-Montjuïc,18,Sants,72,3092,643,1
2026-01-01,3,Sants-Montjuïc,18,Sants,72,3092,588,2
2026-01-01,3,Sants-Montjuïc,18,Sants,72,3093,781,1
2026-01-01,3,Sants-Montjuïc,18,Sants,72,3093,675,2
2026-01-01,3,Sants-Montjuïc,18,Sants,72,3094,676,1
2026-01-01,3,Sants-Montjuïc,18,Sants,72,3094,568,2
2026-01-01,3,Sants-Montjuïc,18,Sants,73,3095,859,1
2026-01-01,3,Sants-Montjuïc,18,Sants,73,3095,765,2
2026-01-01,3,Sants-Montjuïc,18,Sants,73,3096,859,1
2026-01-01,3,Sants-Montjuïc,18,Sants,73,3096,734,2
2026-01-01,3,Sants-Montjuïc,18,Sants,73,3097,857,1
2026-01-01,3,Sants-Montjuïc,18,Sants,73,3097,783,2
2026-01-01,3,Sants-Montjuïc,18,Sants,73,3098,772,1
2026-01-01,3,Sants-Montjuïc,18,Sants,73,3098,769,2
2026-01-01,3,Sants-Montjuïc,18,Sants,73,3099,589,1
2026-01-01,3,Sants-Montjuïc,18,Sants,73,3099,478,2
2026-01-01,3,Sants-Montjuïc,18,Sants,73,3100,744,1
2026-01-01,3,Sants-Montjuïc,18,Sants,73,3100,613,2
2026-01-01,3,Sants-Montjuïc,18,Sants,74,3101,2636,1
2026-01-01,3,Sants-Montjuïc,18,Sants,74,3101,4082,2
2026-01-01,3,Sants-Montjuïc,18,Sants,74,3102,730,1
2026-01-01,3,Sants-Montjuïc,18,Sants,74,3102,681,2
2026-01-01,3,Sants-Montjuïc,18,Sants,74,3103,608,1
2026-01-01,3,Sants-Montjuïc,18,Sants,74,3103,532,2
2026-01-01,3,Sants-Montjuïc,18,Sants,74,3104,767,1
2026-01-01,3,Sants-Montjuïc,18,Sants,74,3104,686,2
2026-01-01,3,Sants-Montjuïc,18,Sants,75,3105,631,1
2026-01-01,3,Sants-Montjuïc,18,Sants,75,3105,553,2
2026-01-01,3,Sants-Montjuïc,18,Sants,75,3106,680,1
2026-01-01,3,Sants-Montjuïc,18,Sants,75,3106,649,2
2026-01-01,3,Sants-Montjuïc,18,Sants,76,3107,971,1
2026-01-01,3,Sants-Montjuïc,18,Sants,76,3107,886,2
2026-01-01,3,Sants-Montjuïc,18,Sants,76,3108,899,1
2026-01-01,3,Sants-Montjuïc,18,Sants,76,3108,751,2
2026-01-01,3,Sants-Montjuïc,18,Sants,76,3109,806,1
2026-01-01,3,Sants-Montjuïc,18,Sants,76,3109,772,2
2026-01-01,3,Sants-Montjuïc,18,Sants,76,3110,784,1
2026-01-01,3,Sants-Montjuïc,18,Sants,76,3110,655,2
2026-01-01,3,Sants-Montjuïc,18,Sants,76,3111,710,1
2026-01-01,3,Sants-Montjuïc,18,Sants,76,3111,621,2
2026-01-01,3,Sants-Montjuïc,18,Sants,76,3112,1011,1
2026-01-01,3,Sants-Montjuïc,18,Sants,76,3112,885,2
2026-01-01,3,Sants-Montjuïc,18,Sants,76,3113,840,1
2026-01-01,3,Sants-Montjuïc,18,Sants,76,3113,755,2
2026-01-01,3,Sants-Montjuïc,18,Sants,76,3114,792,1
2026-01-01,3,Sants-Montjuïc,18,Sants,76,3114,660,2
2026-01-01,4,Les Corts,19,les Corts,77,4001,669,1
2026-01-01,4,Les Corts,19,les Corts,77,4001,585,2
2026-01-01,4,Les Corts,19,les Corts,77,4002,976,1
2026-01-01,4,Les Corts,19,les Corts,77,4002,920,2
2026-01-01,4,Les Corts,19,les Corts,77,4003,541,1
2026-01-01,4,Les Corts,19,les Corts,77,4003,530,2
2026-01-01,4,Les Corts,19,les Corts,77,4004,558,1
2026-01-01,4,Les Corts,19,les Corts,77,4004,504,2
2026-01-01,4,Les Corts,19,les Corts,77,4005,650,1
2026-01-01,4,Les Corts,19,les Corts,77,4005,567,2
2026-01-01,4,Les Corts,19,les Corts,77,4006,642,1
2026-01-01,4,Les Corts,19,les Corts,77,4006,536,2
2026-01-01,4,Les Corts,19,les Corts,77,4007,615,1
2026-01-01,4,Les Corts,19,les Corts,77,4007,489,2
2026-01-01,4,Les Corts,19,les Corts,77,4008,558,1
2026-01-01,4,Les Corts,19,les Corts,77,4008,478,2
2026-01-01,4,Les Corts,19,les Corts,77,4009,772,1
2026-01-01,4,Les Corts,19,les Corts,77,4009,695,2
2026-01-01,4,Les Corts,19,les Corts,78,4010,493,1
2026-01-01,4,Les Corts,19,les Corts,78,4010,387,2
2026-01-01,4,Les Corts,19,les Corts,78,4011,922,1
2026-01-01,4,Les Corts,19,les Corts,78,4011,809,2
2026-01-01,4,Les Corts,19,les Corts,78,4012,704,1
2026-01-01,4,Les Corts,19,les Corts,78,4012,593,2
2026-01-01,4,Les Corts,19,les Corts,78,4013,653,1
2026-01-01,4,Les Corts,19,les Corts,78,4013,564,2
2026-01-01,4,Les Corts,19,les Corts,78,4014,410,1
2026-01-01,4,Les Corts,19,les Corts,78,4014,347,2
2026-01-01,4,Les Corts,19,les Corts,78,4015,1046,1
2026-01-01,4,Les Corts,19,les Corts,78,4015,888,2
2026-01-01,4,Les Corts,19,les Corts,78,4016,575,1
2026-01-01,4,Les Corts,19,les Corts,78,4016,499,2
2026-01-01,4,Les Corts,19,les Corts,79,4017,655,1
2026-01-01,4,Les Corts,19,les Corts,79,4017,510,2
2026-01-01,4,Les Corts,19,les Corts,79,4018,861,1
2026-01-01,4,Les Corts,19,les Corts,79,4018,704,2
2026-01-01,4,Les Corts,19,les Corts,79,4019,770,1
2026-01-01,4,Les Corts,19,les Corts,79,4019,658,2
2026-01-01,4,Les Corts,19,les Corts,79,4020,812,1
2026-01-01,4,Les Corts,19,les Corts,79,4020,682,2
2026-01-01,4,Les Corts,19,les Corts,79,4021,731,1
2026-01-01,4,Les Corts,19,les Corts,79,4021,610,2
2026-01-01,4,Les Corts,19,les Corts,80,4022,852,1
2026-01-01,4,Les Corts,19,les Corts,80,4022,799,2
2026-01-01,4,Les Corts,19,les Corts,81,4023,561,1
2026-01-01,4,Les Corts,19,les Corts,81,4023,495,2
2026-01-01,4,Les Corts,19,les Corts,81,4024,538,1
2026-01-01,4,Les Corts,19,les Corts,81,4024,478,2
2026-01-01,4,Les Corts,19,les Corts,82,4025,635,1
2026-01-01,4,Les Corts,19,les Corts,82,4025,558,2
2026-01-01,4,Les Corts,19,les Corts,82,4026,689,1
2026-01-01,4,Les Corts,19,les Corts,82,4026,563,2
2026-01-01,4,Les Corts,19,les Corts,82,4027,748,1
2026-01-01,4,Les Corts,19,les Corts,82,4027,656,2
2026-01-01,4,Les Corts,19,les Corts,83,4028,718,1
2026-01-01,4,Les Corts,19,les Corts,83,4028,658,2
2026-01-01,4,Les Corts,19,les Corts,83,4029,599,1
2026-01-01,4,Les Corts,19,les Corts,83,4029,502,2
2026-01-01,4,Les Corts,19,les Corts,83,4030,972,1
2026-01-01,4,Les Corts,19,les Corts,83,4030,825,2
2026-01-01,4,Les Corts,19,les Corts,84,4031,1099,1
2026-01-01,4,Les Corts,19,les Corts,84,4031,1079,2
2026-01-01,4,Les Corts,19,les Corts,84,4032,875,1
2026-01-01,4,Les Corts,19,les Corts,84,4032,700,2
2026-01-01,4,Les Corts,19,les Corts,84,4033,645,1
2026-01-01,4,Les Corts,19,les Corts,84,4033,526,2
2026-01-01,4,Les Corts,19,les Corts,84,4034,749,1
2026-01-01,4,Les Corts,19,les Corts,84,4034,642,2
2026-01-01,4,Les Corts,19,les Corts,84,4035,732,1
2026-01-01,4,Les Corts,19,les Corts,84,4035,611,2
2026-01-01,4,Les Corts,20,la Maternitat i Sant Ramon,85,4036,986,1
2026-01-01,4,Les Corts,20,la Maternitat i Sant Ramon,85,4036,820,2
2026-01-01,4,Les Corts,20,la Maternitat i Sant Ramon,85,4037,1254,1
2026-01-01,4,Les Corts,20,la Maternitat i Sant Ramon,85,4037,1002,2
2026-01-01,4,Les Corts,20,la Maternitat i Sant Ramon,85,4038,670,1
2026-01-01,4,Les Corts,20,la Maternitat i Sant Ramon,85,4038,561,2
2026-01-01,4,Les Corts,20,la Maternitat i Sant Ramon,85,4039,672,1
2026-01-01,4,Les Corts,20,la Maternitat i Sant Ramon,85,4039,573,2
2026-01-01,4,Les Corts,20,la Maternitat i Sant Ramon,85,4040,846,1
2026-01-01,4,Les Corts,20,la Maternitat i Sant Ramon,85,4040,840,2
2026-01-01,4,Les Corts,20,la Maternitat i Sant Ramon,85,4041,734,1
2026-01-01,4,Les Corts,20,la Maternitat i Sant Ramon,85,4041,641,2
2026-01-01,4,Les Corts,20,la Maternitat i Sant Ramon,85,4042,941,1
2026-01-01,4,Les Corts,20,la Maternitat i Sant Ramon,85,4042,819,2
2026-01-01,4,Les Corts,20,la Maternitat i Sant Ramon,86,4043,836,1
2026-01-01,4,Les Corts,20,la Maternitat i Sant Ramon,86,4043,747,2
2026-01-01,4,Les Corts,20,la Maternitat i Sant Ramon,86,4044,872,1
2026-01-01,4,Les Corts,20,la Maternitat i Sant Ramon,86,4044,799,2
2026-01-01,4,Les Corts,20,la Maternitat i Sant Ramon,86,4045,773,1
2026-01-01,4,Les Corts,20,la Maternitat i Sant Ramon,86,4045,635,2
2026-01-01,4,Les Corts,20,la Maternitat i Sant Ramon,86,4046,1244,1
2026-01-01,4,Les Corts,20,la Maternitat i Sant Ramon,86,4046,1126,2
2026-01-01,4,Les Corts,20,la Maternitat i Sant Ramon,86,4047,1010,1
2026-01-01,4,Les Corts,20,la Maternitat i Sant Ramon,86,4047,919,2
2026-01-01,4,Les Corts,20,la Maternitat i Sant Ramon,87,4048,816,1
2026-01-01,4,Les Corts,20,la Maternitat i Sant Ramon,87,4048,694,2
2026-01-01,4,Les Corts,20,la Maternitat i Sant Ramon,87,4049,697,1
2026-01-01,4,Les Corts,20,la Maternitat i Sant Ramon,87,4049,660,2
2026-01-01,4,Les Corts,20,la Maternitat i Sant Ramon,87,4084,760,1
2026-01-01,4,Les Corts,20,la Maternitat i Sant Ramon,87,4084,675,2
2026-01-01,4,Les Corts,21,Pedralbes,88,4050,1104,1
2026-01-01,4,Les Corts,21,Pedralbes,88,4050,971,2
2026-01-01,4,Les Corts,21,Pedralbes,88,4051,915,1
2026-01-01,4,Les Corts,21,Pedralbes,88,4051,778,2
2026-01-01,4,Les Corts,21,Pedralbes,88,4052,1229,1
2026-01-01,4,Les Corts,21,Pedralbes,88,4052,981,2
2026-01-01,4,Les Corts,21,Pedralbes,89,4053,921,1
2026-01-01,4,Les Corts,21,Pedralbes,89,4053,890,2
2026-01-01,4,Les Corts,21,Pedralbes,89,4054,565,1
2026-01-01,4,Les Corts,21,Pedralbes,89,4054,501,2
2026-01-01,4,Les Corts,21,Pedralbes,90,4055,850,1
2026-01-01,4,Les Corts,21,Pedralbes,90,4055,797,2
2026-01-01,4,Les Corts,21,Pedralbes,90,4056,1027,1
2026-01-01,4,Les Corts,21,Pedralbes,90,4056,950,2
2026-01-01,5,Sarrià-Sant Gervasi,22,"Vallvidrera, el Tibidabo i les Planes",91,5001,938,1
2026-01-01,5,Sarrià-Sant Gervasi,22,"Vallvidrera, el Tibidabo i les Planes",91,5001,972,2
2026-01-01,5,Sarrià-Sant Gervasi,22,"Vallvidrera, el Tibidabo i les Planes",92,5002,828,1
2026-01-01,5,Sarrià-Sant Gervasi,22,"Vallvidrera, el Tibidabo i les Planes",92,5002,826,2
2026-01-01,5,Sarrià-Sant Gervasi,22,"Vallvidrera, el Tibidabo i les Planes",92,5003,658,1
2026-01-01,5,Sarrià-Sant Gervasi,22,"Vallvidrera, el Tibidabo i les Planes",92,5003,645,2
2026-01-01,5,Sarrià-Sant Gervasi,23,Sarrià,93,5004,592,1
2026-01-01,5,Sarrià-Sant Gervasi,23,Sarrià,93,5004,460,2
2026-01-01,5,Sarrià-Sant Gervasi,23,Sarrià,93,5005,663,1
2026-01-01,5,Sarrià-Sant Gervasi,23,Sarrià,93,5005,587,2
2026-01-01,5,Sarrià-Sant Gervasi,23,Sarrià,94,5006,911,1
2026-01-01,5,Sarrià-Sant Gervasi,23,Sarrià,94,5006,896,2
2026-01-01,5,Sarrià-Sant Gervasi,23,Sarrià,95,5007,999,1
2026-01-01,5,Sarrià-Sant Gervasi,23,Sarrià,95,5007,797,2
2026-01-01,5,Sarrià-Sant Gervasi,23,Sarrià,95,5008,959,1
2026-01-01,5,Sarrià-Sant Gervasi,23,Sarrià,95,5008,802,2
2026-01-01,5,Sarrià-Sant Gervasi,23,Sarrià,95,5009,892,1
2026-01-01,5,Sarrià-Sant Gervasi,23,Sarrià,95,5009,722,2
2026-01-01,5,Sarrià-Sant Gervasi,23,Sarrià,95,5010,820,1
2026-01-01,5,Sarrià-Sant Gervasi,23,Sarrià,95,5010,694,2
2026-01-01,5,Sarrià-Sant Gervasi,23,Sarrià,95,5011,777,1
2026-01-01,5,Sarrià-Sant Gervasi,23,Sarrià,95,5011,702,2
2026-01-01,5,Sarrià-Sant Gervasi,23,Sarrià,95,5012,735,1
2026-01-01,5,Sarrià-Sant Gervasi,23,Sarrià,95,5012,643,2
2026-01-01,5,Sarrià-Sant Gervasi,23,Sarrià,95,5013,880,1
2026-01-01,5,Sarrià-Sant Gervasi,23,Sarrià,95,5013,787,2
2026-01-01,5,Sarrià-Sant Gervasi,23,Sarrià,96,5014,830,1
2026-01-01,5,Sarrià-Sant Gervasi,23,Sarrià,96,5014,743,2
2026-01-01,5,Sarrià-Sant Gervasi,23,Sarrià,96,5015,853,1
2026-01-01,5,Sarrià-Sant Gervasi,23,Sarrià,96,5015,738,2
2026-01-01,5,Sarrià-Sant Gervasi,23,Sarrià,96,5016,1069,1
2026-01-01,5,Sarrià-Sant Gervasi,23,Sarrià,96,5016,861,2
2026-01-01,5,Sarrià-Sant Gervasi,23,Sarrià,96,5017,842,1
2026-01-01,5,Sarrià-Sant Gervasi,23,Sarrià,96,5017,712,2
2026-01-01,5,Sarrià-Sant Gervasi,23,Sarrià,96,5018,696,1
2026-01-01,5,Sarrià-Sant Gervasi,23,Sarrià,96,5018,609,2
2026-01-01,5,Sarrià-Sant Gervasi,23,Sarrià,96,5019,925,1
2026-01-01,5,Sarrià-Sant Gervasi,23,Sarrià,96,5019,741,2
2026-01-01,5,Sarrià-Sant Gervasi,24,les Tres Torres,97,5020,624,1
2026-01-01,5,Sarrià-Sant Gervasi,24,les Tres Torres,97,5020,517,2
2026-01-01,5,Sarrià-Sant Gervasi,24,les Tres Torres,97,5021,711,1
2026-01-01,5,Sarrià-Sant Gervasi,24,les Tres Torres,97,5021,625,2
2026-01-01,5,Sarrià-Sant Gervasi,24,les Tres Torres,98,5022,930,1
2026-01-01,5,Sarrià-Sant Gervasi,24,les Tres Torres,98,5022,751,2
2026-01-01,5,Sarrià-Sant Gervasi,24,les Tres Torres,98,5023,817,1
2026-01-01,5,Sarrià-Sant Gervasi,24,les Tres Torres,98,5023,666,2
2026-01-01,5,Sarrià-Sant Gervasi,24,les Tres Torres,98,5024,1026,1
2026-01-01,5,Sarrià-Sant Gervasi,24,les Tres Torres,98,5024,915,2
2026-01-01,5,Sarrià-Sant Gervasi,24,les Tres Torres,99,5025,689,1
2026-01-01,5,Sarrià-Sant Gervasi,24,les Tres Torres,99,5025,605,2
2026-01-01,5,Sarrià-Sant Gervasi,24,les Tres Torres,99,5026,746,1
2026-01-01,5,Sarrià-Sant Gervasi,24,les Tres Torres,99,5026,684,2
2026-01-01,5,Sarrià-Sant Gervasi,24,les Tres Torres,99,5027,687,1
2026-01-01,5,Sarrià-Sant Gervasi,24,les Tres Torres,99,5027,614,2
2026-01-01,5,Sarrià-Sant Gervasi,24,les Tres Torres,99,5028,822,1
2026-01-01,5,Sarrià-Sant Gervasi,24,les Tres Torres,99,5028,827,2
2026-01-01,5,Sarrià-Sant Gervasi,24,les Tres Torres,99,5029,865,1
2026-01-01,5,Sarrià-Sant Gervasi,24,les Tres Torres,99,5029,806,2
2026-01-01,5,Sarrià-Sant Gervasi,24,les Tres Torres,99,5030,761,1
2026-01-01,5,Sarrià-Sant Gervasi,24,les Tres Torres,99,5030,653,2
2026-01-01,5,Sarrià-Sant Gervasi,25,Sant Gervasi - la Bonanova,100,5031,825,1
2026-01-01,5,Sarrià-Sant Gervasi,25,Sant Gervasi - la Bonanova,100,5031,730,2
2026-01-01,5,Sarrià-Sant Gervasi,25,Sant Gervasi - la Bonanova,100,5032,986,1
2026-01-01,5,Sarrià-Sant Gervasi,25,Sant Gervasi - la Bonanova,100,5032,907,2
2026-01-01,5,Sarrià-Sant Gervasi,25,Sant Gervasi - la Bonanova,101,5033,810,1
2026-01-01,5,Sarrià-Sant Gervasi,25,Sant Gervasi - la Bonanova,101,5033,714,2
2026-01-01,5,Sarrià-Sant Gervasi,25,Sant Gervasi - la Bonanova,101,5034,634,1
2026-01-01,5,Sarrià-Sant Gervasi,25,Sant Gervasi - la Bonanova,101,5034,565,2
2026-01-01,5,Sarrià-Sant Gervasi,25,Sant Gervasi - la Bonanova,102,5035,592,1
2026-01-01,5,Sarrià-Sant Gervasi,25,Sant Gervasi - la Bonanova,102,5035,551,2
2026-01-01,5,Sarrià-Sant Gervasi,25,Sant Gervasi - la Bonanova,102,5036,973,1
2026-01-01,5,Sarrià-Sant Gervasi,25,Sant Gervasi - la Bonanova,102,5036,845,2
2026-01-01,5,Sarrià-Sant Gervasi,25,Sant Gervasi - la Bonanova,102,5037,814,1
2026-01-01,5,Sarrià-Sant Gervasi,25,Sant Gervasi - la Bonanova,102,5037,676,2
2026-01-01,5,Sarrià-Sant Gervasi,25,Sant Gervasi - la Bonanova,102,5038,780,1
2026-01-01,5,Sarrià-Sant Gervasi,25,Sant Gervasi - la Bonanova,102,5038,670,2
2026-01-01,5,Sarrià-Sant Gervasi,25,Sant Gervasi - la Bonanova,102,5039,822,1
2026-01-01,5,Sarrià-Sant Gervasi,25,Sant Gervasi - la Bonanova,102,5039,740,2
2026-01-01,5,Sarrià-Sant Gervasi,25,Sant Gervasi - la Bonanova,102,5040,814,1
2026-01-01,5,Sarrià-Sant Gervasi,25,Sant Gervasi - la Bonanova,102,5040,664,2
2026-01-01,5,Sarrià-Sant Gervasi,25,Sant Gervasi - la Bonanova,102,5041,1182,1
2026-01-01,5,Sarrià-Sant Gervasi,25,Sant Gervasi - la Bonanova,102,5041,1009,2
2026-01-01,5,Sarrià-Sant Gervasi,25,Sant Gervasi - la Bonanova,103,5042,727,1
2026-01-01,5,Sarrià-Sant Gervasi,25,Sant Gervasi - la Bonanova,103,5042,647,2
2026-01-01,5,Sarrià-Sant Gervasi,25,Sant Gervasi - la Bonanova,103,5043,842,1
2026-01-01,5,Sarrià-Sant Gervasi,25,Sant Gervasi - la Bonanova,103,5043,667,2
2026-01-01,5,Sarrià-Sant Gervasi,25,Sant Gervasi - la Bonanova,103,5044,751,1
2026-01-01,5,Sarrià-Sant Gervasi,25,Sant Gervasi - la Bonanova,103,5044,616,2
2026-01-01,5,Sarrià-Sant Gervasi,25,Sant Gervasi - la Bonanova,103,5045,880,1
2026-01-01,5,Sarrià-Sant Gervasi,25,Sant Gervasi - la Bonanova,103,5045,735,2
2026-01-01,5,Sarrià-Sant Gervasi,25,Sant Gervasi - la Bonanova,103,5046,654,1
2026-01-01,5,Sarrià-Sant Gervasi,25,Sant Gervasi - la Bonanova,103,5046,463,2
2026-01-01,5,Sarrià-Sant Gervasi,25,Sant Gervasi - la Bonanova,103,5047,694,1
2026-01-01,5,Sarrià-Sant Gervasi,25,Sant Gervasi - la Bonanova,103,5047,539,2
2026-01-01,5,Sarrià-Sant Gervasi,25,Sant Gervasi - la Bonanova,103,5048,711,1
2026-01-01,5,Sarrià-Sant Gervasi,25,Sant Gervasi - la Bonanova,103,5048,572,2
2026-01-01,5,Sarrià-Sant Gervasi,26,Sant Gervasi - Galvany,104,5049,956,1
2026-01-01,5,Sarrià-Sant Gervasi,26,Sant Gervasi - Galvany,104,5049,790,2
2026-01-01,5,Sarrià-Sant Gervasi,26,Sant Gervasi - Galvany,104,5050,953,1
2026-01-01,5,Sarrià-Sant Gervasi,26,Sant Gervasi - Galvany,104,5050,809,2
2026-01-01,5,Sarrià-Sant Gervasi,26,Sant Gervasi - Galvany,104,5051,881,1
2026-01-01,5,Sarrià-Sant Gervasi,26,Sant Gervasi - Galvany,104,5051,764,2
2026-01-01,5,Sarrià-Sant Gervasi,26,Sant Gervasi - Galvany,104,5052,781,1
2026-01-01,5,Sarrià-Sant Gervasi,26,Sant Gervasi - Galvany,104,5052,643,2
2026-01-01,5,Sarrià-Sant Gervasi,26,Sant Gervasi - Galvany,105,5053,777,1
2026-01-01,5,Sarrià-Sant Gervasi,26,Sant Gervasi - Galvany,105,5053,708,2
2026-01-01,5,Sarrià-Sant Gervasi,26,Sant Gervasi - Galvany,105,5054,554,1
2026-01-01,5,Sarrià-Sant Gervasi,26,Sant Gervasi - Galvany,105,5054,454,2
2026-01-01,5,Sarrià-Sant Gervasi,26,Sant Gervasi - Galvany,105,5055,769,1
2026-01-01,5,Sarrià-Sant Gervasi,26,Sant Gervasi - Galvany,105,5055,638,2
2026-01-01,5,Sarrià-Sant Gervasi,26,Sant Gervasi - Galvany,106,5056,700,1
2026-01-01,5,Sarrià-Sant Gervasi,26,Sant Gervasi - Galvany,106,5056,498,2
2026-01-01,5,Sarrià-Sant Gervasi,26,Sant Gervasi - Galvany,106,5057,912,1
2026-01-01,5,Sarrià-Sant Gervasi,26,Sant Gervasi - Galvany,106,5057,772,2
2026-01-01,5,Sarrià-Sant Gervasi,26,Sant Gervasi - Galvany,106,5058,846,1
2026-01-01,5,Sarrià-Sant Gervasi,26,Sant Gervasi - Galvany,106,5058,727,2
2026-01-01,5,Sarrià-Sant Gervasi,26,Sant Gervasi - Galvany,106,5059,888,1
2026-01-01,5,Sarrià-Sant Gervasi,26,Sant Gervasi - Galvany,106,5059,663,2
2026-01-01,5,Sarrià-Sant Gervasi,26,Sant Gervasi - Galvany,106,5060,622,1
2026-01-01,5,Sarrià-Sant Gervasi,26,Sant Gervasi - Galvany,106,5060,521,2
2026-01-01,5,Sarrià-Sant Gervasi,26,Sant Gervasi - Galvany,107,5061,831,1
2026-01-01,5,Sarrià-Sant Gervasi,26,Sant Gervasi - Galvany,107,5061,687,2
2026-01-01,5,Sarrià-Sant Gervasi,26,Sant Gervasi - Galvany,107,5062,904,1
2026-01-01,5,Sarrià-Sant Gervasi,26,Sant Gervasi - Galvany,107,5062,747,2
2026-01-01,5,Sarrià-Sant Gervasi,26,Sant Gervasi - Galvany,107,5063,900,1
2026-01-01,5,Sarrià-Sant Gervasi,26,Sant Gervasi - Galvany,107,5063,715,2
2026-01-01,5,Sarrià-Sant Gervasi,26,Sant Gervasi - Galvany,107,5064,1003,1
2026-01-01,5,Sarrià-Sant Gervasi,26,Sant Gervasi - Galvany,107,5064,752,2
2026-01-01,5,Sarrià-Sant Gervasi,26,Sant Gervasi - Galvany,107,5065,972,1
2026-01-01,5,Sarrià-Sant Gervasi,26,Sant Gervasi - Galvany,107,5065,800,2
2026-01-01,5,Sarrià-Sant Gervasi,26,Sant Gervasi - Galvany,108,5066,755,1
2026-01-01,5,Sarrià-Sant Gervasi,26,Sant Gervasi - Galvany,108,5066,631,2
2026-01-01,5,Sarrià-Sant Gervasi,26,Sant Gervasi - Galvany,108,5067,732,1
2026-01-01,5,Sarrià-Sant Gervasi,26,Sant Gervasi - Galvany,108,5067,658,2
2026-01-01,5,Sarrià-Sant Gervasi,26,Sant Gervasi - Galvany,108,5068,915,1
2026-01-01,5,Sarrià-Sant Gervasi,26,Sant Gervasi - Galvany,108,5068,815,2
2026-01-01,5,Sarrià-Sant Gervasi,26,Sant Gervasi - Galvany,108,5069,950,1
2026-01-01,5,Sarrià-Sant Gervasi,26,Sant Gervasi - Galvany,108,5069,851,2
2026-01-01,5,Sarrià-Sant Gervasi,26,Sant Gervasi - Galvany,109,5070,841,1
2026-01-01,5,Sarrià-Sant Gervasi,26,Sant Gervasi - Galvany,109,5070,680,2
2026-01-01,5,Sarrià-Sant Gervasi,26,Sant Gervasi - Galvany,109,5071,1040,1
2026-01-01,5,Sarrià-Sant Gervasi,26,Sant Gervasi - Galvany,109,5071,935,2
2026-01-01,5,Sarrià-Sant Gervasi,26,Sant Gervasi - Galvany,109,5072,949,1
2026-01-01,5,Sarrià-Sant Gervasi,26,Sant Gervasi - Galvany,109,5072,778,2
2026-01-01,5,Sarrià-Sant Gervasi,26,Sant Gervasi - Galvany,109,5073,885,1
2026-01-01,5,Sarrià-Sant Gervasi,26,Sant Gervasi - Galvany,109,5073,751,2
2026-01-01,5,Sarrià-Sant Gervasi,26,Sant Gervasi - Galvany,109,5074,913,1
2026-01-01,5,Sarrià-Sant Gervasi,26,Sant Gervasi - Galvany,109,5074,748,2
2026-01-01,5,Sarrià-Sant Gervasi,26,Sant Gervasi - Galvany,110,5075,1056,1
2026-01-01,5,Sarrià-Sant Gervasi,26,Sant Gervasi - Galvany,110,5075,870,2
2026-01-01,5,Sarrià-Sant Gervasi,26,Sant Gervasi - Galvany,110,5076,802,1
2026-01-01,5,Sarrià-Sant Gervasi,26,Sant Gervasi - Galvany,110,5076,685,2
2026-01-01,5,Sarrià-Sant Gervasi,26,Sant Gervasi - Galvany,110,5077,849,1
2026-01-01,5,Sarrià-Sant Gervasi,26,Sant Gervasi - Galvany,110,5077,722,2
2026-01-01,5,Sarrià-Sant Gervasi,26,Sant Gervasi - Galvany,110,5078,1107,1
2026-01-01,5,Sarrià-Sant Gervasi,26,Sant Gervasi - Galvany,110,5078,1014,2
2026-01-01,5,Sarrià-Sant Gervasi,26,Sant Gervasi - Galvany,110,5079,725,1
2026-01-01,5,Sarrià-Sant Gervasi,26,Sant Gervasi - Galvany,110,5079,608,2
2026-01-01,5,Sarrià-Sant Gervasi,27,el Putxet i el Farró,111,5080,760,1
2026-01-01,5,Sarrià-Sant Gervasi,27,el Putxet i el Farró,111,5080,631,2
2026-01-01,5,Sarrià-Sant Gervasi,27,el Putxet i el Farró,111,5081,900,1
2026-01-01,5,Sarrià-Sant Gervasi,27,el Putxet i el Farró,111,5081,721,2
2026-01-01,5,Sarrià-Sant Gervasi,27,el Putxet i el Farró,111,5082,905,1
2026-01-01,5,Sarrià-Sant Gervasi,27,el Putxet i el Farró,111,5082,796,2
2026-01-01,5,Sarrià-Sant Gervasi,27,el Putxet i el Farró,111,5083,692,1
2026-01-01,5,Sarrià-Sant Gervasi,27,el Putxet i el Farró,111,5083,583,2
2026-01-01,5,Sarrià-Sant Gervasi,27,el Putxet i el Farró,111,5084,768,1
2026-01-01,5,Sarrià-Sant Gervasi,27,el Putxet i el Farró,111,5084,628,2
2026-01-01,5,Sarrià-Sant Gervasi,27,el Putxet i el Farró,111,5085,739,1
2026-01-01,5,Sarrià-Sant Gervasi,27,el Putxet i el Farró,111,5085,616,2
2026-01-01,5,Sarrià-Sant Gervasi,27,el Putxet i el Farró,111,5086,743,1
2026-01-01,5,Sarrià-Sant Gervasi,27,el Putxet i el Farró,111,5086,632,2
2026-01-01,5,Sarrià-Sant Gervasi,27,el Putxet i el Farró,111,5087,905,1
2026-01-01,5,Sarrià-Sant Gervasi,27,el Putxet i el Farró,111,5087,781,2
2026-01-01,5,Sarrià-Sant Gervasi,27,el Putxet i el Farró,112,5088,896,1
2026-01-01,5,Sarrià-Sant Gervasi,27,el Putxet i el Farró,112,5088,828,2
2026-01-01,5,Sarrià-Sant Gervasi,27,el Putxet i el Farró,112,5089,964,1
2026-01-01,5,Sarrià-Sant Gervasi,27,el Putxet i el Farró,112,5089,859,2
2026-01-01,5,Sarrià-Sant Gervasi,27,el Putxet i el Farró,112,5090,1032,1
2026-01-01,5,Sarrià-Sant Gervasi,27,el Putxet i el Farró,112,5090,924,2
2026-01-01,5,Sarrià-Sant Gervasi,27,el Putxet i el Farró,112,5091,856,1
2026-01-01,5,Sarrià-Sant Gervasi,27,el Putxet i el Farró,112,5091,701,2
2026-01-01,5,Sarrià-Sant Gervasi,27,el Putxet i el Farró,112,5092,916,1
2026-01-01,5,Sarrià-Sant Gervasi,27,el Putxet i el Farró,112,5092,727,2
2026-01-01,5,Sarrià-Sant Gervasi,27,el Putxet i el Farró,113,5093,680,1
2026-01-01,5,Sarrià-Sant Gervasi,27,el Putxet i el Farró,113,5093,546,2
2026-01-01,5,Sarrià-Sant Gervasi,27,el Putxet i el Farró,113,5094,1571,1
2026-01-01,5,Sarrià-Sant Gervasi,27,el Putxet i el Farró,113,5094,1256,2
2026-01-01,5,Sarrià-Sant Gervasi,27,el Putxet i el Farró,113,5095,989,1
2026-01-01,5,Sarrià-Sant Gervasi,27,el Putxet i el Farró,113,5095,780,2
2026-01-01,5,Sarrià-Sant Gervasi,27,el Putxet i el Farró,113,5096,639,1
2026-01-01,5,Sarrià-Sant Gervasi,27,el Putxet i el Farró,113,5096,527,2
2026-01-01,5,Sarrià-Sant Gervasi,27,el Putxet i el Farró,113,5097,897,1
2026-01-01,5,Sarrià-Sant Gervasi,27,el Putxet i el Farró,113,5097,819,2
2026-01-01,5,Sarrià-Sant Gervasi,27,el Putxet i el Farró,113,5098,861,1
2026-01-01,5,Sarrià-Sant Gervasi,27,el Putxet i el Farró,113,5098,727,2
2026-01-01,6,Gràcia,28,Vallcarca i els Penitents,114,6001,725,1
2026-01-01,6,Gràcia,28,Vallcarca i els Penitents,114,6001,584,2
2026-01-01,6,Gràcia,28,Vallcarca i els Penitents,114,6002,863,1
2026-01-01,6,Gràcia,28,Vallcarca i els Penitents,114,6002,732,2
2026-01-01,6,Gràcia,28,Vallcarca i els Penitents,114,6003,1286,1
2026-01-01,6,Gràcia,28,Vallcarca i els Penitents,114,6003,1174,2
2026-01-01,6,Gràcia,28,Vallcarca i els Penitents,114,6004,723,1
2026-01-01,6,Gràcia,28,Vallcarca i els Penitents,114,6004,678,2
2026-01-01,6,Gràcia,28,Vallcarca i els Penitents,115,6006,551,1
2026-01-01,6,Gràcia,28,Vallcarca i els Penitents,115,6006,523,2
2026-01-01,6,Gràcia,28,Vallcarca i els Penitents,115,6007,1062,1
2026-01-01,6,Gràcia,28,Vallcarca i els Penitents,115,6007,950,2
2026-01-01,6,Gràcia,28,Vallcarca i els Penitents,115,6008,1118,1
2026-01-01,6,Gràcia,28,Vallcarca i els Penitents,115,6008,1005,2
2026-01-01,6,Gràcia,28,Vallcarca i els Penitents,116,6009,741,1
2026-01-01,6,Gràcia,28,Vallcarca i els Penitents,116,6009,648,2
2026-01-01,6,Gràcia,28,Vallcarca i els Penitents,116,6010,570,1
2026-01-01,6,Gràcia,28,Vallcarca i els Penitents,116,6010,511,2
2026-01-01,6,Gràcia,28,Vallcarca i els Penitents,117,6011,670,1
2026-01-01,6,Gràcia,28,Vallcarca i els Penitents,117,6011,643,2
2026-01-01,6,Gràcia,28,Vallcarca i els Penitents,117,6012,631,1
2026-01-01,6,Gràcia,28,Vallcarca i els Penitents,117,6012,540,2
2026-01-01,6,Gràcia,29,el Coll,118,6013,1006,1
2026-01-01,6,Gràcia,29,el Coll,118,6013,916,2
2026-01-01,6,Gràcia,29,el Coll,118,6014,819,1
2026-01-01,6,Gràcia,29,el Coll,118,6014,669,2
2026-01-01,6,Gràcia,29,el Coll,118,6015,755,1
2026-01-01,6,Gràcia,29,el Coll,118,6015,709,2
2026-01-01,6,Gràcia,29,el Coll,118,6016,916,1
2026-01-01,6,Gràcia,29,el Coll,118,6016,769,2
2026-01-01,6,Gràcia,29,el Coll,118,6017,794,1
2026-01-01,6,Gràcia,29,el Coll,118,6017,703,2
2026-01-01,6,Gràcia,30,la Salut,119,6018,736,1
2026-01-01,6,Gràcia,30,la Salut,119,6018,665,2
2026-01-01,6,Gràcia,30,la Salut,119,6019,829,1
2026-01-01,6,Gràcia,30,la Salut,119,6019,754,2
2026-01-01,6,Gràcia,30,la Salut,119,6020,687,1
2026-01-01,6,Gràcia,30,la Salut,119,6020,568,2
2026-01-01,6,Gràcia,30,la Salut,119,6021,757,1
2026-01-01,6,Gràcia,30,la Salut,119,6021,646,2
2026-01-01,6,Gràcia,30,la Salut,120,6022,701,1
2026-01-01,6,Gràcia,30,la Salut,120,6022,701,2
2026-01-01,6,Gràcia,30,la Salut,120,6023,685,1
2026-01-01,6,Gràcia,30,la Salut,120,6023,594,2
2026-01-01,6,Gràcia,30,la Salut,120,6024,956,1
2026-01-01,6,Gràcia,30,la Salut,120,6024,797,2
2026-01-01,6,Gràcia,30,la Salut,120,6025,811,1
2026-01-01,6,Gràcia,30,la Salut,120,6025,660,2
2026-01-01,6,Gràcia,30,la Salut,120,6026,638,1
2026-01-01,6,Gràcia,30,la Salut,120,6026,511,2
2026-01-01,6,Gràcia,30,la Salut,120,6027,702,1
2026-01-01,6,Gràcia,30,la Salut,120,6027,549,2
2026-01-01,6,Gràcia,31,la Vila de Gràcia,121,6028,680,1
2026-01-01,6,Gràcia,31,la Vila de Gràcia,121,6028,659,2
2026-01-01,6,Gràcia,31,la Vila de Gràcia,121,6029,778,1
2026-01-01,6,Gràcia,31,la Vila de Gràcia,121,6029,663,2
2026-01-01,6,Gràcia,31,la Vila de Gràcia,121,6030,730,1
2026-01-01,6,Gràcia,31,la Vila de Gràcia,121,6030,643,2
2026-01-01,6,Gràcia,31,la Vila de Gràcia,121,6031,616,1
2026-01-01,6,Gràcia,31,la Vila de Gràcia,121,6031,520,2
2026-01-01,6,Gràcia,31,la Vila de Gràcia,121,6032,644,1
2026-01-01,6,Gràcia,31,la Vila de Gràcia,121,6032,525,2
2026-01-01,6,Gràcia,31,la Vila de Gràcia,122,6033,741,1
2026-01-01,6,Gràcia,31,la Vila de Gràcia,122,6033,605,2
2026-01-01,6,Gràcia,31,la Vila de Gràcia,122,6034,670,1
2026-01-01,6,Gràcia,31,la Vila de Gràcia,122,6034,545,2
2026-01-01,6,Gràcia,31,la Vila de Gràcia,122,6035,557,1
2026-01-01,6,Gràcia,31,la Vila de Gràcia,122,6035,539,2
2026-01-01,6,Gràcia,31,la Vila de Gràcia,122,6036,839,1
2026-01-01,6,Gràcia,31,la Vila de Gràcia,122,6036,662,2
2026-01-01,6,Gràcia,31,la Vila de Gràcia,123,6037,592,1
2026-01-01,6,Gràcia,31,la Vila de Gràcia,123,6037,520,2
2026-01-01,6,Gràcia,31,la Vila de Gràcia,123,6038,909,1
2026-01-01,6,Gràcia,31,la Vila de Gràcia,123,6038,664,2
2026-01-01,6,Gràcia,31,la Vila de Gràcia,123,6039,904,1
2026-01-01,6,Gràcia,31,la Vila de Gràcia,123,6039,731,2
2026-01-01,6,Gràcia,31,la Vila de Gràcia,124,6040,1007,1
2026-01-01,6,Gràcia,31,la Vila de Gràcia,124,6040,772,2
2026-01-01,6,Gràcia,31,la Vila de Gràcia,124,6041,1001,1
2026-01-01,6,Gràcia,31,la Vila de Gràcia,124,6041,857,2
2026-01-01,6,Gràcia,31,la Vila de Gràcia,124,6042,926,1
2026-01-01,6,Gràcia,31,la Vila de Gràcia,124,6042,830,2
2026-01-01,6,Gràcia,31,la Vila de Gràcia,125,6043,706,1
2026-01-01,6,Gràcia,31,la Vila de Gràcia,125,6043,639,2
2026-01-01,6,Gràcia,31,la Vila de Gràcia,125,6044,886,1
2026-01-01,6,Gràcia,31,la Vila de Gràcia,125,6044,804,2
2026-01-01,6,Gràcia,31,la Vila de Gràcia,126,6045,671,1
2026-01-01,6,Gràcia,31,la Vila de Gràcia,126,6045,568,2
2026-01-01,6,Gràcia,31,la Vila de Gràcia,126,6046,622,1
2026-01-01,6,Gràcia,31,la Vila de Gràcia,126,6046,550,2
2026-01-01,6,Gràcia,31,la Vila de Gràcia,126,6047,709,1
2026-01-01,6,Gràcia,31,la Vila de Gràcia,126,6047,563,2
2026-01-01,6,Gràcia,31,la Vila de Gràcia,126,6048,718,1
2026-01-01,6,Gràcia,31,la Vila de Gràcia,126,6048,684,2
2026-01-01,6,Gràcia,31,la Vila de Gràcia,127,6049,627,1
2026-01-01,6,Gràcia,31,la Vila de Gràcia,127,6049,508,2
2026-01-01,6,Gràcia,31,la Vila de Gràcia,127,6050,678,1
2026-01-01,6,Gràcia,31,la Vila de Gràcia,127,6050,596,2
2026-01-01,6,Gràcia,31,la Vila de Gràcia,127,6051,719,1
2026-01-01,6,Gràcia,31,la Vila de Gràcia,127,6051,558,2
2026-01-01,6,Gràcia,31,la Vila de Gràcia,128,6052,809,1
2026-01-01,6,Gràcia,31,la Vila de Gràcia,128,6052,674,2
2026-01-01,6,Gràcia,31,la Vila de Gràcia,128,6053,829,1
2026-01-01,6,Gràcia,31,la Vila de Gràcia,128,6053,718,2
2026-01-01,6,Gràcia,31,la Vila de Gràcia,128,6054,817,1
2026-01-01,6,Gràcia,31,la Vila de Gràcia,128,6054,757,2
2026-01-01,6,Gràcia,31,la Vila de Gràcia,129,6055,773,1
2026-01-01,6,Gràcia,31,la Vila de Gràcia,129,6055,601,2
2026-01-01,6,Gràcia,31,la Vila de Gràcia,129,6056,910,1
2026-01-01,6,Gràcia,31,la Vila de Gràcia,129,6056,792,2
2026-01-01,6,Gràcia,31,la Vila de Gràcia,129,6057,825,1
2026-01-01,6,Gràcia,31,la Vila de Gràcia,129,6057,707,2
2026-01-01,6,Gràcia,31,la Vila de Gràcia,129,6058,983,1
2026-01-01,6,Gràcia,31,la Vila de Gràcia,129,6058,760,2
2026-01-01,6,Gràcia,31,la Vila de Gràcia,129,6059,829,1
2026-01-01,6,Gràcia,31,la Vila de Gràcia,129,6059,681,2
2026-01-01,6,Gràcia,31,la Vila de Gràcia,130,6060,953,1
2026-01-01,6,Gràcia,31,la Vila de Gràcia,130,6060,822,2
2026-01-01,6,Gràcia,31,la Vila de Gràcia,130,6061,715,1
2026-01-01,6,Gràcia,31,la Vila de Gràcia,130,6061,662,2
2026-01-01,6,Gràcia,31,la Vila de Gràcia,130,6062,652,1
2026-01-01,6,Gràcia,31,la Vila de Gràcia,130,6062,579,2
2026-01-01,6,Gràcia,31,la Vila de Gràcia,130,6063,822,1
2026-01-01,6,Gràcia,31,la Vila de Gràcia,130,6063,672,2
2026-01-01,6,Gràcia,32,el Camp d'en Grassot i Gràcia Nova,131,6064,1034,1
2026-01-01,6,Gràcia,32,el Camp d'en Grassot i Gràcia Nova,131,6064,892,2
2026-01-01,6,Gràcia,32,el Camp d'en Grassot i Gràcia Nova,131,6065,629,1
2026-01-01,6,Gràcia,32,el Camp d'en Grassot i Gràcia Nova,131,6065,524,2
2026-01-01,6,Gràcia,32,el Camp d'en Grassot i Gràcia Nova,131,6066,562,1
2026-01-01,6,Gràcia,32,el Camp d'en Grassot i Gràcia Nova,131,6066,444,2
2026-01-01,6,Gràcia,32,el Camp d'en Grassot i Gràcia Nova,131,6067,998,1
2026-01-01,6,Gràcia,32,el Camp d'en Grassot i Gràcia Nova,131,6067,895,2
2026-01-01,6,Gràcia,32,el Camp d'en Grassot i Gràcia Nova,131,6068,855,1
2026-01-01,6,Gràcia,32,el Camp d'en Grassot i Gràcia Nova,131,6068,737,2
2026-01-01,6,Gràcia,32,el Camp d'en Grassot i Gràcia Nova,131,6069,603,1
2026-01-01,6,Gràcia,32,el Camp d'en Grassot i Gràcia Nova,131,6069,505,2
2026-01-01,6,Gràcia,32,el Camp d'en Grassot i Gràcia Nova,131,6070,1074,1
2026-01-01,6,Gràcia,32,el Camp d'en Grassot i Gràcia Nova,131,6070,848,2
2026-01-01,6,Gràcia,32,el Camp d'en Grassot i Gràcia Nova,132,6071,600,1
2026-01-01,6,Gràcia,32,el Camp d'en Grassot i Gràcia Nova,132,6071,500,2
2026-01-01,6,Gràcia,32,el Camp d'en Grassot i Gràcia Nova,132,6072,905,1
2026-01-01,6,Gràcia,32,el Camp d'en Grassot i Gràcia Nova,132,6072,784,2
2026-01-01,6,Gràcia,32,el Camp d'en Grassot i Gràcia Nova,132,6073,709,1
2026-01-01,6,Gràcia,32,el Camp d'en Grassot i Gràcia Nova,132,6073,616,2
2026-01-01,6,Gràcia,32,el Camp d'en Grassot i Gràcia Nova,132,6074,618,1
2026-01-01,6,Gràcia,32,el Camp d'en Grassot i Gràcia Nova,132,6074,540,2
2026-01-01,6,Gràcia,32,el Camp d'en Grassot i Gràcia Nova,132,6075,598,1
2026-01-01,6,Gràcia,32,el Camp d'en Grassot i Gràcia Nova,132,6075,522,2
2026-01-01,6,Gràcia,32,el Camp d'en Grassot i Gràcia Nova,132,6076,653,1
2026-01-01,6,Gràcia,32,el Camp d'en Grassot i Gràcia Nova,132,6076,593,2
2026-01-01,6,Gràcia,32,el Camp d'en Grassot i Gràcia Nova,133,6077,667,1
2026-01-01,6,Gràcia,32,el Camp d'en Grassot i Gràcia Nova,133,6077,546,2
2026-01-01,6,Gràcia,32,el Camp d'en Grassot i Gràcia Nova,133,6078,701,1
2026-01-01,6,Gràcia,32,el Camp d'en Grassot i Gràcia Nova,133,6078,646,2
2026-01-01,6,Gràcia,32,el Camp d'en Grassot i Gràcia Nova,133,6079,653,1
2026-01-01,6,Gràcia,32,el Camp d'en Grassot i Gràcia Nova,133,6079,527,2
2026-01-01,6,Gràcia,32,el Camp d'en Grassot i Gràcia Nova,133,6080,600,1
2026-01-01,6,Gràcia,32,el Camp d'en Grassot i Gràcia Nova,133,6080,532,2
2026-01-01,6,Gràcia,32,el Camp d'en Grassot i Gràcia Nova,133,6081,716,1
2026-01-01,6,Gràcia,32,el Camp d'en Grassot i Gràcia Nova,133,6081,626,2
2026-01-01,6,Gràcia,32,el Camp d'en Grassot i Gràcia Nova,134,6082,1611,1
2026-01-01,6,Gràcia,32,el Camp d'en Grassot i Gràcia Nova,134,6082,1719,2
2026-01-01,6,Gràcia,32,el Camp d'en Grassot i Gràcia Nova,134,6083,912,1
2026-01-01,6,Gràcia,32,el Camp d'en Grassot i Gràcia Nova,134,6083,769,2
2026-01-01,6,Gràcia,32,el Camp d'en Grassot i Gràcia Nova,134,6084,829,1
2026-01-01,6,Gràcia,32,el Camp d'en Grassot i Gràcia Nova,134,6084,670,2
2026-01-01,6,Gràcia,32,el Camp d'en Grassot i Gràcia Nova,134,6085,753,1
2026-01-01,6,Gràcia,32,el Camp d'en Grassot i Gràcia Nova,134,6085,604,2
2026-01-01,6,Gràcia,32,el Camp d'en Grassot i Gràcia Nova,134,6086,554,1
2026-01-01,6,Gràcia,32,el Camp d'en Grassot i Gràcia Nova,134,6086,455,2
2026-01-01,6,Gràcia,32,el Camp d'en Grassot i Gràcia Nova,134,6087,992,1
2026-01-01,6,Gràcia,32,el Camp d'en Grassot i Gràcia Nova,134,6087,817,2
2026-01-01,6,Gràcia,32,el Camp d'en Grassot i Gràcia Nova,134,6088,708,1
2026-01-01,6,Gràcia,32,el Camp d'en Grassot i Gràcia Nova,134,6088,577,2
2026-01-01,7,Horta-Guinardó,33,el Baix Guinardó,135,7001,875,1
2026-01-01,7,Horta-Guinardó,33,el Baix Guinardó,135,7001,689,2
2026-01-01,7,Horta-Guinardó,33,el Baix Guinardó,135,7002,624,1
2026-01-01,7,Horta-Guinardó,33,el Baix Guinardó,135,7002,476,2
2026-01-01,7,Horta-Guinardó,33,el Baix Guinardó,135,7003,723,1
2026-01-01,7,Horta-Guinardó,33,el Baix Guinardó,135,7003,620,2
2026-01-01,7,Horta-Guinardó,33,el Baix Guinardó,135,7004,846,1
2026-01-01,7,Horta-Guinardó,33,el Baix Guinardó,135,7004,741,2
2026-01-01,7,Horta-Guinardó,33,el Baix Guinardó,135,7005,778,1
2026-01-01,7,Horta-Guinardó,33,el Baix Guinardó,135,7005,675,2
2026-01-01,7,Horta-Guinardó,33,el Baix Guinardó,135,7006,507,1
2026-01-01,7,Horta-Guinardó,33,el Baix Guinardó,135,7006,449,2
2026-01-01,7,Horta-Guinardó,33,el Baix Guinardó,135,7007,764,1
2026-01-01,7,Horta-Guinardó,33,el Baix Guinardó,135,7007,634,2
2026-01-01,7,Horta-Guinardó,33,el Baix Guinardó,135,7008,721,1
2026-01-01,7,Horta-Guinardó,33,el Baix Guinardó,135,7008,678,2
2026-01-01,7,Horta-Guinardó,33,el Baix Guinardó,136,7009,728,1
2026-01-01,7,Horta-Guinardó,33,el Baix Guinardó,136,7009,589,2
2026-01-01,7,Horta-Guinardó,33,el Baix Guinardó,136,7010,713,1
2026-01-01,7,Horta-Guinardó,33,el Baix Guinardó,136,7010,612,2
2026-01-01,7,Horta-Guinardó,33,el Baix Guinardó,136,7011,603,1
2026-01-01,7,Horta-Guinardó,33,el Baix Guinardó,136,7011,552,2
2026-01-01,7,Horta-Guinardó,33,el Baix Guinardó,136,7012,854,1
2026-01-01,7,Horta-Guinardó,33,el Baix Guinardó,136,7012,745,2
2026-01-01,7,Horta-Guinardó,33,el Baix Guinardó,136,7013,649,1
2026-01-01,7,Horta-Guinardó,33,el Baix Guinardó,136,7013,583,2
2026-01-01,7,Horta-Guinardó,33,el Baix Guinardó,137,7014,479,1
2026-01-01,7,Horta-Guinardó,33,el Baix Guinardó,137,7014,428,2
2026-01-01,7,Horta-Guinardó,33,el Baix Guinardó,137,7015,756,1
2026-01-01,7,Horta-Guinardó,33,el Baix Guinardó,137,7015,666,2
2026-01-01,7,Horta-Guinardó,33,el Baix Guinardó,137,7016,684,1
2026-01-01,7,Horta-Guinardó,33,el Baix Guinardó,137,7016,659,2
2026-01-01,7,Horta-Guinardó,33,el Baix Guinardó,137,7017,989,1
2026-01-01,7,Horta-Guinardó,33,el Baix Guinardó,137,7017,816,2
2026-01-01,7,Horta-Guinardó,33,el Baix Guinardó,137,7018,919,1
2026-01-01,7,Horta-Guinardó,33,el Baix Guinardó,137,7018,796,2
2026-01-01,7,Horta-Guinardó,33,el Baix Guinardó,137,7019,871,1
2026-01-01,7,Horta-Guinardó,33,el Baix Guinardó,137,7019,786,2
2026-01-01,7,Horta-Guinardó,34,Can Baró,138,7020,915,1
2026-01-01,7,Horta-Guinardó,34,Can Baró,138,7020,810,2
2026-01-01,7,Horta-Guinardó,34,Can Baró,138,7021,572,1
2026-01-01,7,Horta-Guinardó,34,Can Baró,138,7021,522,2
2026-01-01,7,Horta-Guinardó,34,Can Baró,138,7022,622,1
2026-01-01,7,Horta-Guinardó,34,Can Baró,138,7022,568,2
2026-01-01,7,Horta-Guinardó,34,Can Baró,138,7023,713,1
2026-01-01,7,Horta-Guinardó,34,Can Baró,138,7023,691,2
2026-01-01,7,Horta-Guinardó,34,Can Baró,138,7024,835,1
2026-01-01,7,Horta-Guinardó,34,Can Baró,138,7024,739,2
2026-01-01,7,Horta-Guinardó,34,Can Baró,138,7025,820,1
2026-01-01,7,Horta-Guinardó,34,Can Baró,138,7025,716,2
2026-01-01,7,Horta-Guinardó,34,Can Baró,138,7026,583,1
2026-01-01,7,Horta-Guinardó,34,Can Baró,138,7026,539,2
2026-01-01,7,Horta-Guinardó,35,el Guinardó,139,7027,1132,1
2026-01-01,7,Horta-Guinardó,35,el Guinardó,139,7027,1035,2
2026-01-01,7,Horta-Guinardó,35,el Guinardó,139,7028,779,1
2026-01-01,7,Horta-Guinardó,35,el Guinardó,139,7028,753,2
2026-01-01,7,Horta-Guinardó,35,el Guinardó,139,7029,703,1
2026-01-01,7,Horta-Guinardó,35,el Guinardó,139,7029,606,2
2026-01-01,7,Horta-Guinardó,35,el Guinardó,139,7030,811,1
2026-01-01,7,Horta-Guinardó,35,el Guinardó,139,7030,709,2
2026-01-01,7,Horta-Guinardó,35,el Guinardó,140,7031,852,1
2026-01-01,7,Horta-Guinardó,35,el Guinardó,140,7031,766,2
2026-01-01,7,Horta-Guinardó,35,el Guinardó,140,7032,797,1
2026-01-01,7,Horta-Guinardó,35,el Guinardó,140,7032,717,2
2026-01-01,7,Horta-Guinardó,35,el Guinardó,140,7033,801,1
2026-01-01,7,Horta-Guinardó,35,el Guinardó,140,7033,692,2
2026-01-01,7,Horta-Guinardó,35,el Guinardó,140,7034,1043,1
2026-01-01,7,Horta-Guinardó,35,el Guinardó,140,7034,878,2
2026-01-01,7,Horta-Guinardó,35,el Guinardó,140,7035,990,1
2026-01-01,7,Horta-Guinardó,35,el Guinardó,140,7035,865,2
2026-01-01,7,Horta-Guinardó,35,el Guinardó,140,7036,813,1
2026-01-01,7,Horta-Guinardó,35,el Guinardó,140,7036,684,2
2026-01-01,7,Horta-Guinardó,35,el Guinardó,140,7037,817,1
2026-01-01,7,Horta-Guinardó,35,el Guinardó,140,7037,747,2
2026-01-01,7,Horta-Guinardó,35,el Guinardó,140,7038,698,1
2026-01-01,7,Horta-Guinardó,35,el Guinardó,140,7038,640,2
2026-01-01,7,Horta-Guinardó,35,el Guinardó,141,7039,891,1
2026-01-01,7,Horta-Guinardó,35,el Guinardó,141,7039,759,2
2026-01-01,7,Horta-Guinardó,35,el Guinardó,141,7040,865,1
2026-01-01,7,Horta-Guinardó,35,el Guinardó,141,7040,721,2
2026-01-01,7,Horta-Guinardó,35,el Guinardó,141,7041,807,1
2026-01-01,7,Horta-Guinardó,35,el Guinardó,141,7041,665,2
2026-01-01,7,Horta-Guinardó,35,el Guinardó,142,7042,902,1
2026-01-01,7,Horta-Guinardó,35,el Guinardó,142,7042,753,2
2026-01-01,7,Horta-Guinardó,35,el Guinardó,142,7043,794,1
2026-01-01,7,Horta-Guinardó,35,el Guinardó,142,7043,696,2
2026-01-01,7,Horta-Guinardó,35,el Guinardó,142,7044,741,1
2026-01-01,7,Horta-Guinardó,35,el Guinardó,142,7044,624,2
2026-01-01,7,Horta-Guinardó,35,el Guinardó,142,7045,892,1
2026-01-01,7,Horta-Guinardó,35,el Guinardó,142,7045,831,2
2026-01-01,7,Horta-Guinardó,35,el Guinardó,142,7046,759,1
2026-01-01,7,Horta-Guinardó,35,el Guinardó,142,7046,646,2
2026-01-01,7,Horta-Guinardó,35,el Guinardó,143,7047,832,1
2026-01-01,7,Horta-Guinardó,35,el Guinardó,143,7047,735,2
2026-01-01,7,Horta-Guinardó,35,el Guinardó,143,7048,740,1
2026-01-01,7,Horta-Guinardó,35,el Guinardó,143,7048,631,2
2026-01-01,7,Horta-Guinardó,35,el Guinardó,143,7049,646,1
2026-01-01,7,Horta-Guinardó,35,el Guinardó,143,7049,562,2
2026-01-01,7,Horta-Guinardó,35,el Guinardó,143,7050,726,1
2026-01-01,7,Horta-Guinardó,35,el Guinardó,143,7050,659,2
2026-01-01,7,Horta-Guinardó,35,el Guinardó,143,7051,1057,1
2026-01-01,7,Horta-Guinardó,35,el Guinardó,143,7051,882,2
2026-01-01,7,Horta-Guinardó,36,la Font d'en Fargues,144,7052,697,1
2026-01-01,7,Horta-Guinardó,36,la Font d'en Fargues,144,7052,650,2
2026-01-01,7,Horta-Guinardó,36,la Font d'en Fargues,144,7053,750,1
2026-01-01,7,Horta-Guinardó,36,la Font d'en Fargues,144,7053,699,2
2026-01-01,7,Horta-Guinardó,36,la Font d'en Fargues,144,7054,876,1
2026-01-01,7,Horta-Guinardó,36,la Font d'en Fargues,144,7054,812,2
2026-01-01,7,Horta-Guinardó,36,la Font d'en Fargues,145,7055,674,1
2026-01-01,7,Horta-Guinardó,36,la Font d'en Fargues,145,7055,552,2
2026-01-01,7,Horta-Guinardó,36,la Font d'en Fargues,145,7056,637,1
2026-01-01,7,Horta-Guinardó,36,la Font d'en Fargues,145,7056,623,2
2026-01-01,7,Horta-Guinardó,36,la Font d'en Fargues,145,7057,784,1
2026-01-01,7,Horta-Guinardó,36,la Font d'en Fargues,145,7057,706,2
2026-01-01,7,Horta-Guinardó,36,la Font d'en Fargues,145,7058,724,1
2026-01-01,7,Horta-Guinardó,36,la Font d'en Fargues,145,7058,661,2
2026-01-01,7,Horta-Guinardó,37,el Carmel,146,7059,706,1
2026-01-01,7,Horta-Guinardó,37,el Carmel,146,7059,720,2
2026-01-01,7,Horta-Guinardó,37,el Carmel,146,7060,990,1
2026-01-01,7,Horta-Guinardó,37,el Carmel,146,7060,910,2
2026-01-01,7,Horta-Guinardó,37,el Carmel,147,7061,726,1
2026-01-01,7,Horta-Guinardó,37,el Carmel,147,7061,677,2
2026-01-01,7,Horta-Guinardó,37,el Carmel,147,7062,689,1
2026-01-01,7,Horta-Guinardó,37,el Carmel,147,7062,666,2
2026-01-01,7,Horta-Guinardó,37,el Carmel,147,7063,758,1
2026-01-01,7,Horta-Guinardó,37,el Carmel,147,7063,704,2
2026-01-01,7,Horta-Guinardó,37,el Carmel,147,7064,892,1
2026-01-01,7,Horta-Guinardó,37,el Carmel,147,7064,793,2
2026-01-01,7,Horta-Guinardó,37,el Carmel,147,7065,1004,1
2026-01-01,7,Horta-Guinardó,37,el Carmel,147,7065,852,2
2026-01-01,7,Horta-Guinardó,37,el Carmel,147,7066,1022,1
2026-01-01,7,Horta-Guinardó,37,el Carmel,147,7066,896,2
2026-01-01,7,Horta-Guinardó,37,el Carmel,147,7067,867,1
2026-01-01,7,Horta-Guinardó,37,el Carmel,147,7067,787,2
2026-01-01,7,Horta-Guinardó,37,el Carmel,147,7068,745,1
2026-01-01,7,Horta-Guinardó,37,el Carmel,147,7068,640,2
2026-01-01,7,Horta-Guinardó,37,el Carmel,147,7069,808,1
2026-01-01,7,Horta-Guinardó,37,el Carmel,147,7069,733,2
2026-01-01,7,Horta-Guinardó,37,el Carmel,147,7070,807,1
2026-01-01,7,Horta-Guinardó,37,el Carmel,147,7070,676,2
2026-01-01,7,Horta-Guinardó,37,el Carmel,148,7071,730,1
2026-01-01,7,Horta-Guinardó,37,el Carmel,148,7071,626,2
2026-01-01,7,Horta-Guinardó,37,el Carmel,148,7072,797,1
2026-01-01,7,Horta-Guinardó,37,el Carmel,148,7072,675,2
2026-01-01,7,Horta-Guinardó,37,el Carmel,148,7073,633,1
2026-01-01,7,Horta-Guinardó,37,el Carmel,148,7073,549,2
2026-01-01,7,Horta-Guinardó,37,el Carmel,148,7074,920,1
2026-01-01,7,Horta-Guinardó,37,el Carmel,148,7074,841,2
2026-01-01,7,Horta-Guinardó,37,el Carmel,148,7075,652,1
2026-01-01,7,Horta-Guinardó,37,el Carmel,148,7075,630,2
2026-01-01,7,Horta-Guinardó,37,el Carmel,148,7076,798,1
2026-01-01,7,Horta-Guinardó,37,el Carmel,148,7076,697,2
2026-01-01,7,Horta-Guinardó,37,el Carmel,148,7077,672,1
2026-01-01,7,Horta-Guinardó,37,el Carmel,148,7077,652,2
2026-01-01,7,Horta-Guinardó,37,el Carmel,148,7078,752,1
2026-01-01,7,Horta-Guinardó,37,el Carmel,148,7078,764,2
2026-01-01,7,Horta-Guinardó,37,el Carmel,148,7079,823,1
2026-01-01,7,Horta-Guinardó,37,el Carmel,148,7079,750,2
2026-01-01,7,Horta-Guinardó,37,el Carmel,148,7080,931,1
2026-01-01,7,Horta-Guinardó,37,el Carmel,148,7080,839,2
2026-01-01,7,Horta-Guinardó,38,la Teixonera,149,7081,1010,1
2026-01-01,7,Horta-Guinardó,38,la Teixonera,149,7081,938,2
2026-01-01,7,Horta-Guinardó,38,la Teixonera,149,7082,716,1
2026-01-01,7,Horta-Guinardó,38,la Teixonera,149,7082,659,2
2026-01-01,7,Horta-Guinardó,38,la Teixonera,149,7083,728,1
2026-01-01,7,Horta-Guinardó,38,la Teixonera,149,7083,688,2
2026-01-01,7,Horta-Guinardó,38,la Teixonera,149,7084,728,1
2026-01-01,7,Horta-Guinardó,38,la Teixonera,149,7084,711,2
2026-01-01,7,Horta-Guinardó,38,la Teixonera,149,7085,679,1
2026-01-01,7,Horta-Guinardó,38,la Teixonera,149,7085,647,2
2026-01-01,7,Horta-Guinardó,38,la Teixonera,149,7086,834,1
2026-01-01,7,Horta-Guinardó,38,la Teixonera,149,7086,768,2
2026-01-01,7,Horta-Guinardó,38,la Teixonera,149,7087,936,1
2026-01-01,7,Horta-Guinardó,38,la Teixonera,149,7087,848,2
2026-01-01,7,Horta-Guinardó,38,la Teixonera,149,7088,991,1
2026-01-01,7,Horta-Guinardó,38,la Teixonera,149,7088,846,2
2026-01-01,7,Horta-Guinardó,39,Sant Genís dels Agudells,150,7089,802,1
2026-01-01,7,Horta-Guinardó,39,Sant Genís dels Agudells,150,7089,631,2
2026-01-01,7,Horta-Guinardó,39,Sant Genís dels Agudells,150,7090,861,1
2026-01-01,7,Horta-Guinardó,39,Sant Genís dels Agudells,150,7090,783,2
2026-01-01,7,Horta-Guinardó,39,Sant Genís dels Agudells,150,7091,743,1
2026-01-01,7,Horta-Guinardó,39,Sant Genís dels Agudells,150,7091,591,2
2026-01-01,7,Horta-Guinardó,39,Sant Genís dels Agudells,150,7092,869,1
2026-01-01,7,Horta-Guinardó,39,Sant Genís dels Agudells,150,7092,758,2
2026-01-01,7,Horta-Guinardó,39,Sant Genís dels Agudells,150,7093,921,1
2026-01-01,7,Horta-Guinardó,39,Sant Genís dels Agudells,150,7093,931,2
2026-01-01,7,Horta-Guinardó,40,Montbau,151,7094,734,1
2026-01-01,7,Horta-Guinardó,40,Montbau,151,7094,598,2
2026-01-01,7,Horta-Guinardó,40,Montbau,151,7095,836,1
2026-01-01,7,Horta-Guinardó,40,Montbau,151,7095,800,2
2026-01-01,7,Horta-Guinardó,40,Montbau,151,7096,822,1
2026-01-01,7,Horta-Guinardó,40,Montbau,151,7096,687,2
2026-01-01,7,Horta-Guinardó,40,Montbau,151,7097,489,1
2026-01-01,7,Horta-Guinardó,40,Montbau,151,7097,387,2
2026-01-01,7,Horta-Guinardó,41,la Vall d'Hebron,152,7098,1172,1
2026-01-01,7,Horta-Guinardó,41,la Vall d'Hebron,152,7098,1054,2
2026-01-01,7,Horta-Guinardó,41,la Vall d'Hebron,152,7099,541,1
2026-01-01,7,Horta-Guinardó,41,la Vall d'Hebron,152,7099,497,2
2026-01-01,7,Horta-Guinardó,41,la Vall d'Hebron,152,7100,656,1
2026-01-01,7,Horta-Guinardó,41,la Vall d'Hebron,152,7100,580,2
2026-01-01,7,Horta-Guinardó,41,la Vall d'Hebron,152,7101,856,1
2026-01-01,7,Horta-Guinardó,41,la Vall d'Hebron,152,7101,731,2
2026-01-01,7,Horta-Guinardó,42,la Clota,153,7102,561,1
2026-01-01,7,Horta-Guinardó,42,la Clota,153,7102,562,2
2026-01-01,7,Horta-Guinardó,43,Horta,154,7103,852,1
2026-01-01,7,Horta-Guinardó,43,Horta,154,7103,800,2
2026-01-01,7,Horta-Guinardó,43,Horta,154,7104,868,1
2026-01-01,7,Horta-Guinardó,43,Horta,154,7104,776,2
2026-01-01,7,Horta-Guinardó,43,Horta,154,7105,612,1
2026-01-01,7,Horta-Guinardó,43,Horta,154,7105,536,2
2026-01-01,7,Horta-Guinardó,43,Horta,154,7106,661,1
2026-01-01,7,Horta-Guinardó,43,Horta,154,7106,573,2
2026-01-01,7,Horta-Guinardó,43,Horta,154,7107,623,1
2026-01-01,7,Horta-Guinardó,43,Horta,154,7107,548,2
2026-01-01,7,Horta-Guinardó,43,Horta,154,7108,676,1
2026-01-01,7,Horta-Guinardó,43,Horta,154,7108,589,2
2026-01-01,7,Horta-Guinardó,43,Horta,154,7109,894,1
2026-01-01,7,Horta-Guinardó,43,Horta,154,7109,797,2
2026-01-01,7,Horta-Guinardó,43,Horta,154,7110,596,1
2026-01-01,7,Horta-Guinardó,43,Horta,154,7110,460,2
2026-01-01,7,Horta-Guinardó,43,Horta,154,7111,516,1
2026-01-01,7,Horta-Guinardó,43,Horta,154,7111,428,2
2026-01-01,7,Horta-Guinardó,43,Horta,155,7112,692,1
2026-01-01,7,Horta-Guinardó,43,Horta,155,7112,649,2
2026-01-01,7,Horta-Guinardó,43,Horta,155,7113,682,1
2026-01-01,7,Horta-Guinardó,43,Horta,155,7113,609,2
2026-01-01,7,Horta-Guinardó,43,Horta,155,7114,663,1
2026-01-01,7,Horta-Guinardó,43,Horta,155,7114,608,2
2026-01-01,7,Horta-Guinardó,43,Horta,155,7115,596,1
2026-01-01,7,Horta-Guinardó,43,Horta,155,7115,502,2
2026-01-01,7,Horta-Guinardó,43,Horta,155,7116,866,1
2026-01-01,7,Horta-Guinardó,43,Horta,155,7116,693,2
2026-01-01,7,Horta-Guinardó,43,Horta,155,7117,2085,1
2026-01-01,7,Horta-Guinardó,43,Horta,155,7117,2495,2
2026-01-01,7,Horta-Guinardó,43,Horta,155,7118,687,1
2026-01-01,7,Horta-Guinardó,43,Horta,155,7118,627,2
2026-01-01,7,Horta-Guinardó,43,Horta,156,7119,750,1
2026-01-01,7,Horta-Guinardó,43,Horta,156,7119,654,2
2026-01-01,7,Horta-Guinardó,43,Horta,156,7120,695,1
2026-01-01,7,Horta-Guinardó,43,Horta,156,7120,571,2
2026-01-01,7,Horta-Guinardó,43,Horta,156,7121,701,1
2026-01-01,7,Horta-Guinardó,43,Horta,156,7121,567,2
2026-01-01,7,Horta-Guinardó,43,Horta,156,7122,760,1
2026-01-01,7,Horta-Guinardó,43,Horta,156,7122,671,2
2026-01-01,7,Horta-Guinardó,43,Horta,156,7123,778,1
2026-01-01,7,Horta-Guinardó,43,Horta,156,7123,710,2
2026-01-01,8,Nou Barris,44,Vilapicina i la Torre Llobeta,157,8001,669,1
2026-01-01,8,Nou Barris,44,Vilapicina i la Torre Llobeta,157,8001,595,2
2026-01-01,8,Nou Barris,44,Vilapicina i la Torre Llobeta,157,8002,710,1
2026-01-01,8,Nou Barris,44,Vilapicina i la Torre Llobeta,157,8002,642,2
2026-01-01,8,Nou Barris,44,Vilapicina i la Torre Llobeta,157,8003,697,1
2026-01-01,8,Nou Barris,44,Vilapicina i la Torre Llobeta,157,8003,590,2
2026-01-01,8,Nou Barris,44,Vilapicina i la Torre Llobeta,157,8004,846,1
2026-01-01,8,Nou Barris,44,Vilapicina i la Torre Llobeta,157,8004,692,2
2026-01-01,8,Nou Barris,44,Vilapicina i la Torre Llobeta,157,8005,615,1
2026-01-01,8,Nou Barris,44,Vilapicina i la Torre Llobeta,157,8005,523,2
2026-01-01,8,Nou Barris,44,Vilapicina i la Torre Llobeta,157,8006,918,1
2026-01-01,8,Nou Barris,44,Vilapicina i la Torre Llobeta,157,8006,791,2
2026-01-01,8,Nou Barris,44,Vilapicina i la Torre Llobeta,157,8007,650,1
2026-01-01,8,Nou Barris,44,Vilapicina i la Torre Llobeta,157,8007,551,2
2026-01-01,8,Nou Barris,44,Vilapicina i la Torre Llobeta,157,8008,852,1
2026-01-01,8,Nou Barris,44,Vilapicina i la Torre Llobeta,157,8008,788,2
2026-01-01,8,Nou Barris,44,Vilapicina i la Torre Llobeta,158,8009,950,1
2026-01-01,8,Nou Barris,44,Vilapicina i la Torre Llobeta,158,8009,847,2
2026-01-01,8,Nou Barris,44,Vilapicina i la Torre Llobeta,159,8010,609,1
2026-01-01,8,Nou Barris,44,Vilapicina i la Torre Llobeta,159,8010,532,2
2026-01-01,8,Nou Barris,44,Vilapicina i la Torre Llobeta,159,8011,650,1
2026-01-01,8,Nou Barris,44,Vilapicina i la Torre Llobeta,159,8011,557,2
2026-01-01,8,Nou Barris,44,Vilapicina i la Torre Llobeta,159,8012,720,1
2026-01-01,8,Nou Barris,44,Vilapicina i la Torre Llobeta,159,8012,579,2
2026-01-01,8,Nou Barris,44,Vilapicina i la Torre Llobeta,159,8013,666,1
2026-01-01,8,Nou Barris,44,Vilapicina i la Torre Llobeta,159,8013,555,2
2026-01-01,8,Nou Barris,44,Vilapicina i la Torre Llobeta,159,8014,690,1
2026-01-01,8,Nou Barris,44,Vilapicina i la Torre Llobeta,159,8014,589,2
2026-01-01,8,Nou Barris,44,Vilapicina i la Torre Llobeta,160,8015,851,1
2026-01-01,8,Nou Barris,44,Vilapicina i la Torre Llobeta,160,8015,680,2
2026-01-01,8,Nou Barris,44,Vilapicina i la Torre Llobeta,160,8016,684,1
2026-01-01,8,Nou Barris,44,Vilapicina i la Torre Llobeta,160,8016,531,2
2026-01-01,8,Nou Barris,44,Vilapicina i la Torre Llobeta,160,8017,712,1
2026-01-01,8,Nou Barris,44,Vilapicina i la Torre Llobeta,160,8017,626,2
2026-01-01,8,Nou Barris,44,Vilapicina i la Torre Llobeta,160,8018,812,1
2026-01-01,8,Nou Barris,44,Vilapicina i la Torre Llobeta,160,8018,681,2
2026-01-01,8,Nou Barris,44,Vilapicina i la Torre Llobeta,160,8019,999,1
2026-01-01,8,Nou Barris,44,Vilapicina i la Torre Llobeta,160,8019,829,2
2026-01-01,8,Nou Barris,45,Porta,161,8020,776,1
2026-01-01,8,Nou Barris,45,Porta,161,8020,701,2
2026-01-01,8,Nou Barris,45,Porta,161,8021,793,1
2026-01-01,8,Nou Barris,45,Porta,161,8021,683,2
2026-01-01,8,Nou Barris,45,Porta,161,8022,654,1
2026-01-01,8,Nou Barris,45,Porta,161,8022,592,2
2026-01-01,8,Nou Barris,45,Porta,161,8023,771,1
2026-01-01,8,Nou Barris,45,Porta,161,8023,706,2
2026-01-01,8,Nou Barris,45,Porta,161,8024,759,1
2026-01-01,8,Nou Barris,45,Porta,161,8024,644,2
2026-01-01,8,Nou Barris,45,Porta,161,8025,747,1
2026-01-01,8,Nou Barris,45,Porta,161,8025,582,2
2026-01-01,8,Nou Barris,45,Porta,161,8026,794,1
2026-01-01,8,Nou Barris,45,Porta,161,8026,672,2
2026-01-01,8,Nou Barris,45,Porta,162,8027,757,1
2026-01-01,8,Nou Barris,45,Porta,162,8027,709,2
2026-01-01,8,Nou Barris,45,Porta,162,8028,589,1
2026-01-01,8,Nou Barris,45,Porta,162,8028,490,2
2026-01-01,8,Nou Barris,45,Porta,162,8029,809,1
2026-01-01,8,Nou Barris,45,Porta,162,8029,702,2
2026-01-01,8,Nou Barris,45,Porta,162,8030,787,1
2026-01-01,8,Nou Barris,45,Porta,162,8030,705,2
2026-01-01,8,Nou Barris,45,Porta,163,8031,694,1
2026-01-01,8,Nou Barris,45,Porta,163,8031,604,2
2026-01-01,8,Nou Barris,45,Porta,163,8032,696,1
2026-01-01,8,Nou Barris,45,Porta,163,8032,591,2
2026-01-01,8,Nou Barris,45,Porta,163,8033,804,1
2026-01-01,8,Nou Barris,45,Porta,163,8033,714,2
2026-01-01,8,Nou Barris,45,Porta,163,8034,728,1
2026-01-01,8,Nou Barris,45,Porta,163,8034,606,2
2026-01-01,8,Nou Barris,45,Porta,163,8035,3158,1
2026-01-01,8,Nou Barris,45,Porta,163,8035,3898,2
2026-01-01,8,Nou Barris,45,Porta,163,8036,895,1
2026-01-01,8,Nou Barris,45,Porta,163,8036,752,2
2026-01-01,8,Nou Barris,45,Porta,163,8037,901,1
2026-01-01,8,Nou Barris,45,Porta,163,8037,736,2
2026-01-01,8,Nou Barris,46,el Turó de la Peira,164,8038,935,1
2026-01-01,8,Nou Barris,46,el Turó de la Peira,164,8038,786,2
2026-01-01,8,Nou Barris,46,el Turó de la Peira,164,8039,873,1
2026-01-01,8,Nou Barris,46,el Turó de la Peira,164,8039,818,2
2026-01-01,8,Nou Barris,46,el Turó de la Peira,164,8040,1064,1
2026-01-01,8,Nou Barris,46,el Turó de la Peira,164,8040,961,2
2026-01-01,8,Nou Barris,46,el Turó de la Peira,164,8041,1400,1
2026-01-01,8,Nou Barris,46,el Turó de la Peira,164,8041,1343,2
2026-01-01,8,Nou Barris,46,el Turó de la Peira,164,8042,725,1
2026-01-01,8,Nou Barris,46,el Turó de la Peira,164,8042,609,2
2026-01-01,8,Nou Barris,46,el Turó de la Peira,164,8043,620,1
2026-01-01,8,Nou Barris,46,el Turó de la Peira,164,8043,501,2
2026-01-01,8,Nou Barris,46,el Turó de la Peira,165,8044,755,1
2026-01-01,8,Nou Barris,46,el Turó de la Peira,165,8044,672,2
2026-01-01,8,Nou Barris,46,el Turó de la Peira,165,8045,967,1
2026-01-01,8,Nou Barris,46,el Turó de la Peira,165,8045,927,2
2026-01-01,8,Nou Barris,46,el Turó de la Peira,165,8046,893,1
2026-01-01,8,Nou Barris,46,el Turó de la Peira,165,8046,743,2
2026-01-01,8,Nou Barris,46,el Turó de la Peira,165,8047,968,1
2026-01-01,8,Nou Barris,46,el Turó de la Peira,165,8047,818,2
2026-01-01,8,Nou Barris,47,Can Peguera,166,8048,499,1
2026-01-01,8,Nou Barris,47,Can Peguera,166,8048,456,2
2026-01-01,8,Nou Barris,47,Can Peguera,166,8049,620,1
2026-01-01,8,Nou Barris,47,Can Peguera,166,8049,547,2
2026-01-01,8,Nou Barris,48,la Guineueta,167,8050,734,1
2026-01-01,8,Nou Barris,48,la Guineueta,167,8050,634,2
2026-01-01,8,Nou Barris,48,la Guineueta,167,8051,702,1
2026-01-01,8,Nou Barris,48,la Guineueta,167,8051,638,2
2026-01-01,8,Nou Barris,48,la Guineueta,167,8052,523,1
2026-01-01,8,Nou Barris,48,la Guineueta,167,8052,404,2
2026-01-01,8,Nou Barris,48,la Guineueta,167,8053,605,1
2026-01-01,8,Nou Barris,48,la Guineueta,167,8053,520,2
2026-01-01,8,Nou Barris,48,la Guineueta,167,8054,938,1
2026-01-01,8,Nou Barris,48,la Guineueta,167,8054,756,2
2026-01-01,8,Nou Barris,48,la Guineueta,167,8055,941,1
2026-01-01,8,Nou Barris,48,la Guineueta,167,8055,857,2
2026-01-01,8,Nou Barris,48,la Guineueta,167,8215,934,1
2026-01-01,8,Nou Barris,48,la Guineueta,167,8215,708,2
2026-01-01,8,Nou Barris,48,la Guineueta,168,8056,815,1
2026-01-01,8,Nou Barris,48,la Guineueta,168,8056,773,2
2026-01-01,8,Nou Barris,48,la Guineueta,168,8057,747,1
2026-01-01,8,Nou Barris,48,la Guineueta,168,8057,645,2
2026-01-01,8,Nou Barris,48,la Guineueta,168,8058,920,1
2026-01-01,8,Nou Barris,48,la Guineueta,168,8058,778,2
2026-01-01,8,Nou Barris,48,la Guineueta,168,8059,537,1
2026-01-01,8,Nou Barris,48,la Guineueta,168,8059,515,2
2026-01-01,8,Nou Barris,49,Canyelles,169,8060,664,1
2026-01-01,8,Nou Barris,49,Canyelles,169,8060,577,2
2026-01-01,8,Nou Barris,49,Canyelles,169,8061,855,1
2026-01-01,8,Nou Barris,49,Canyelles,169,8061,793,2
2026-01-01,8,Nou Barris,49,Canyelles,169,8062,591,1
2026-01-01,8,Nou Barris,49,Canyelles,169,8062,540,2
2026-01-01,8,Nou Barris,49,Canyelles,169,8063,566,1
2026-01-01,8,Nou Barris,49,Canyelles,169,8063,509,2
2026-01-01,8,Nou Barris,49,Canyelles,169,8064,961,1
2026-01-01,8,Nou Barris,49,Canyelles,169,8064,850,2
2026-01-01,8,Nou Barris,50,les Roquetes,170,8065,905,1
2026-01-01,8,Nou Barris,50,les Roquetes,170,8065,963,2
2026-01-01,8,Nou Barris,50,les Roquetes,170,8066,893,1
2026-01-01,8,Nou Barris,50,les Roquetes,170,8066,849,2
2026-01-01,8,Nou Barris,50,les Roquetes,170,8067,1035,1
2026-01-01,8,Nou Barris,50,les Roquetes,170,8067,952,2
2026-01-01,8,Nou Barris,50,les Roquetes,170,8068,1083,1
2026-01-01,8,Nou Barris,50,les Roquetes,170,8068,956,2
2026-01-01,8,Nou Barris,50,les Roquetes,170,8069,873,1
2026-01-01,8,Nou Barris,50,les Roquetes,170,8069,795,2
2026-01-01,8,Nou Barris,50,les Roquetes,171,8070,825,1
2026-01-01,8,Nou Barris,50,les Roquetes,171,8070,778,2
2026-01-01,8,Nou Barris,50,les Roquetes,171,8071,912,1
2026-01-01,8,Nou Barris,50,les Roquetes,171,8071,884,2
2026-01-01,8,Nou Barris,50,les Roquetes,171,8072,649,1
2026-01-01,8,Nou Barris,50,les Roquetes,171,8072,586,2
2026-01-01,8,Nou Barris,50,les Roquetes,171,8073,1053,1
2026-01-01,8,Nou Barris,50,les Roquetes,171,8073,945,2
2026-01-01,8,Nou Barris,50,les Roquetes,171,8074,822,1
2026-01-01,8,Nou Barris,50,les Roquetes,171,8074,837,2
2026-01-01,8,Nou Barris,51,Verdun,172,8075,1109,1
2026-01-01,8,Nou Barris,51,Verdun,172,8075,913,2
2026-01-01,8,Nou Barris,51,Verdun,172,8076,889,1
2026-01-01,8,Nou Barris,51,Verdun,172,8076,784,2
2026-01-01,8,Nou Barris,51,Verdun,172,8077,789,1
2026-01-01,8,Nou Barris,51,Verdun,172,8077,651,2
2026-01-01,8,Nou Barris,51,Verdun,173,8078,910,1
2026-01-01,8,Nou Barris,51,Verdun,173,8078,810,2
2026-01-01,8,Nou Barris,51,Verdun,173,8079,793,1
2026-01-01,8,Nou Barris,51,Verdun,173,8079,734,2
2026-01-01,8,Nou Barris,51,Verdun,173,8080,846,1
2026-01-01,8,Nou Barris,51,Verdun,173,8080,801,2
2026-01-01,8,Nou Barris,51,Verdun,173,8081,930,1
2026-01-01,8,Nou Barris,51,Verdun,173,8081,817,2
2026-01-01,8,Nou Barris,51,Verdun,173,8082,932,1
2026-01-01,8,Nou Barris,51,Verdun,173,8082,799,2
2026-01-01,8,Nou Barris,52,la Prosperitat,174,8083,743,1
2026-01-01,8,Nou Barris,52,la Prosperitat,174,8083,645,2
2026-01-01,8,Nou Barris,52,la Prosperitat,174,8084,674,1
2026-01-01,8,Nou Barris,52,la Prosperitat,174,8084,523,2
2026-01-01,8,Nou Barris,52,la Prosperitat,174,8085,811,1
2026-01-01,8,Nou Barris,52,la Prosperitat,174,8085,794,2
2026-01-01,8,Nou Barris,52,la Prosperitat,174,8086,975,1
2026-01-01,8,Nou Barris,52,la Prosperitat,174,8086,823,2
2026-01-01,8,Nou Barris,52,la Prosperitat,175,8087,744,1
2026-01-01,8,Nou Barris,52,la Prosperitat,175,8087,617,2
2026-01-01,8,Nou Barris,52,la Prosperitat,175,8088,714,1
2026-01-01,8,Nou Barris,52,la Prosperitat,175,8088,620,2
2026-01-01,8,Nou Barris,52,la Prosperitat,175,8089,652,1
2026-01-01,8,Nou Barris,52,la Prosperitat,175,8089,568,2
2026-01-01,8,Nou Barris,52,la Prosperitat,175,8090,678,1
2026-01-01,8,Nou Barris,52,la Prosperitat,175,8090,657,2
2026-01-01,8,Nou Barris,52,la Prosperitat,175,8091,769,1
2026-01-01,8,Nou Barris,52,la Prosperitat,175,8091,694,2
2026-01-01,8,Nou Barris,52,la Prosperitat,176,8092,516,1
2026-01-01,8,Nou Barris,52,la Prosperitat,176,8092,470,2
2026-01-01,8,Nou Barris,52,la Prosperitat,176,8093,707,1
2026-01-01,8,Nou Barris,52,la Prosperitat,176,8093,647,2
2026-01-01,8,Nou Barris,52,la Prosperitat,176,8094,778,1
2026-01-01,8,Nou Barris,52,la Prosperitat,176,8094,697,2
2026-01-01,8,Nou Barris,52,la Prosperitat,176,8095,597,1
2026-01-01,8,Nou Barris,52,la Prosperitat,176,8095,568,2
2026-01-01,8,Nou Barris,52,la Prosperitat,177,8096,818,1
2026-01-01,8,Nou Barris,52,la Prosperitat,177,8096,707,2
2026-01-01,8,Nou Barris,52,la Prosperitat,177,8097,755,1
2026-01-01,8,Nou Barris,52,la Prosperitat,177,8097,612,2
2026-01-01,8,Nou Barris,52,la Prosperitat,177,8098,692,1
2026-01-01,8,Nou Barris,52,la Prosperitat,177,8098,650,2
2026-01-01,8,Nou Barris,52,la Prosperitat,177,8099,790,1
2026-01-01,8,Nou Barris,52,la Prosperitat,177,8099,725,2
2026-01-01,8,Nou Barris,52,la Prosperitat,177,8100,726,1
2026-01-01,8,Nou Barris,52,la Prosperitat,177,8100,623,2
2026-01-01,8,Nou Barris,52,la Prosperitat,177,8101,935,1
2026-01-01,8,Nou Barris,52,la Prosperitat,177,8101,830,2
2026-01-01,8,Nou Barris,52,la Prosperitat,177,8102,867,1
2026-01-01,8,Nou Barris,52,la Prosperitat,177,8102,763,2
2026-01-01,8,Nou Barris,53,la Trinitat Nova,178,8103,952,1
2026-01-01,8,Nou Barris,53,la Trinitat Nova,178,8103,919,2
2026-01-01,8,Nou Barris,53,la Trinitat Nova,178,8104,704,1
2026-01-01,8,Nou Barris,53,la Trinitat Nova,178,8104,675,2
2026-01-01,8,Nou Barris,53,la Trinitat Nova,178,8105,814,1
2026-01-01,8,Nou Barris,53,la Trinitat Nova,178,8105,717,2
2026-01-01,8,Nou Barris,53,la Trinitat Nova,178,8106,743,1
2026-01-01,8,Nou Barris,53,la Trinitat Nova,178,8106,689,2
2026-01-01,8,Nou Barris,53,la Trinitat Nova,178,8107,969,1
2026-01-01,8,Nou Barris,53,la Trinitat Nova,178,8107,946,2
2026-01-01,8,Nou Barris,54,Torre Baró,179,8108,1159,1
2026-01-01,8,Nou Barris,54,Torre Baró,179,8108,1112,2
2026-01-01,8,Nou Barris,54,Torre Baró,179,8109,483,1
2026-01-01,8,Nou Barris,54,Torre Baró,179,8109,482,2
2026-01-01,8,Nou Barris,55,Ciutat Meridiana,180,8110,1061,1
2026-01-01,8,Nou Barris,55,Ciutat Meridiana,180,8110,1031,2
2026-01-01,8,Nou Barris,55,Ciutat Meridiana,180,8111,917,1
2026-01-01,8,Nou Barris,55,Ciutat Meridiana,180,8111,877,2
2026-01-01,8,Nou Barris,55,Ciutat Meridiana,180,8112,960,1
2026-01-01,8,Nou Barris,55,Ciutat Meridiana,180,8112,936,2
2026-01-01,8,Nou Barris,55,Ciutat Meridiana,180,8113,945,1
2026-01-01,8,Nou Barris,55,Ciutat Meridiana,180,8113,908,2
2026-01-01,8,Nou Barris,55,Ciutat Meridiana,180,8114,1026,1
2026-01-01,8,Nou Barris,55,Ciutat Meridiana,180,8114,1003,2
2026-01-01,8,Nou Barris,55,Ciutat Meridiana,180,8115,909,1
2026-01-01,8,Nou Barris,55,Ciutat Meridiana,180,8115,920,2
2026-01-01,8,Nou Barris,56,Vallbona,181,8116,742,1
2026-01-01,8,Nou Barris,56,Vallbona,181,8116,698,2
2026-01-01,9,Sant Andreu,57,la Trinitat Vella,182,9001,1332,1
2026-01-01,9,Sant Andreu,57,la Trinitat Vella,182,9001,1503,2
2026-01-01,9,Sant Andreu,57,la Trinitat Vella,182,9002,1165,1
2026-01-01,9,Sant Andreu,57,la Trinitat Vella,182,9002,1148,2
2026-01-01,9,Sant Andreu,57,la Trinitat Vella,182,9003,1130,1
2026-01-01,9,Sant Andreu,57,la Trinitat Vella,182,9003,1172,2
2026-01-01,9,Sant Andreu,57,la Trinitat Vella,182,9004,915,1
2026-01-01,9,Sant Andreu,57,la Trinitat Vella,182,9004,922,2
2026-01-01,9,Sant Andreu,57,la Trinitat Vella,182,9005,1040,1
2026-01-01,9,Sant Andreu,57,la Trinitat Vella,182,9005,980,2
2026-01-01,9,Sant Andreu,58,Baró de Viver,183,9006,674,1
2026-01-01,9,Sant Andreu,58,Baró de Viver,183,9006,648,2
2026-01-01,9,Sant Andreu,58,Baró de Viver,183,9007,708,1
2026-01-01,9,Sant Andreu,58,Baró de Viver,183,9007,638,2
2026-01-01,9,Sant Andreu,59,el Bon Pastor,184,9008,965,1
2026-01-01,9,Sant Andreu,59,el Bon Pastor,184,9008,949,2
2026-01-01,9,Sant Andreu,59,el Bon Pastor,184,9009,749,1
2026-01-01,9,Sant Andreu,59,el Bon Pastor,184,9009,670,2
2026-01-01,9,Sant Andreu,59,el Bon Pastor,185,9010,964,1
2026-01-01,9,Sant Andreu,59,el Bon Pastor,185,9010,843,2
2026-01-01,9,Sant Andreu,59,el Bon Pastor,185,9011,1014,1
2026-01-01,9,Sant Andreu,59,el Bon Pastor,185,9011,974,2
2026-01-01,9,Sant Andreu,59,el Bon Pastor,185,9013,1100,1
2026-01-01,9,Sant Andreu,59,el Bon Pastor,185,9013,1068,2
2026-01-01,9,Sant Andreu,59,el Bon Pastor,185,9014,1997,1
2026-01-01,9,Sant Andreu,59,el Bon Pastor,185,9014,2531,2
2026-01-01,9,Sant Andreu,59,el Bon Pastor,185,9015,1025,1
2026-01-01,9,Sant Andreu,59,el Bon Pastor,185,9015,1022,2
2026-01-01,9,Sant Andreu,60,Sant Andreu,186,9016,661,1
2026-01-01,9,Sant Andreu,60,Sant Andreu,186,9016,600,2
2026-01-01,9,Sant Andreu,60,Sant Andreu,186,9017,796,1
2026-01-01,9,Sant Andreu,60,Sant Andreu,186,9017,773,2
2026-01-01,9,Sant Andreu,60,Sant Andreu,186,9018,763,1
2026-01-01,9,Sant Andreu,60,Sant Andreu,186,9018,687,2
2026-01-01,9,Sant Andreu,60,Sant Andreu,186,9019,1340,1
2026-01-01,9,Sant Andreu,60,Sant Andreu,186,9019,1278,2
2026-01-01,9,Sant Andreu,60,Sant Andreu,186,9020,642,1
2026-01-01,9,Sant Andreu,60,Sant Andreu,186,9020,555,2
2026-01-01,9,Sant Andreu,60,Sant Andreu,186,9021,745,1
2026-01-01,9,Sant Andreu,60,Sant Andreu,186,9021,663,2
2026-01-01,9,Sant Andreu,60,Sant Andreu,186,9022,672,1
2026-01-01,9,Sant Andreu,60,Sant Andreu,186,9022,566,2
2026-01-01,9,Sant Andreu,60,Sant Andreu,186,9023,619,1
2026-01-01,9,Sant Andreu,60,Sant Andreu,186,9023,591,2
2026-01-01,9,Sant Andreu,60,Sant Andreu,187,9024,666,1
2026-01-01,9,Sant Andreu,60,Sant Andreu,187,9024,552,2
2026-01-01,9,Sant Andreu,60,Sant Andreu,187,9025,675,1
2026-01-01,9,Sant Andreu,60,Sant Andreu,187,9025,558,2
2026-01-01,9,Sant Andreu,60,Sant Andreu,187,9026,810,1
2026-01-01,9,Sant Andreu,60,Sant Andreu,187,9026,725,2
2026-01-01,9,Sant Andreu,60,Sant Andreu,187,9027,672,1
2026-01-01,9,Sant Andreu,60,Sant Andreu,187,9027,636,2
2026-01-01,9,Sant Andreu,60,Sant Andreu,188,9028,788,1
2026-01-01,9,Sant Andreu,60,Sant Andreu,188,9028,727,2
2026-01-01,9,Sant Andreu,60,Sant Andreu,188,9029,568,1
2026-01-01,9,Sant Andreu,60,Sant Andreu,188,9029,512,2
2026-01-01,9,Sant Andreu,60,Sant Andreu,188,9030,794,1
2026-01-01,9,Sant Andreu,60,Sant Andreu,188,9030,671,2
2026-01-01,9,Sant Andreu,60,Sant Andreu,188,9031,597,1
2026-01-01,9,Sant Andreu,60,Sant Andreu,188,9031,581,2
2026-01-01,9,Sant Andreu,60,Sant Andreu,189,9032,1340,1
2026-01-01,9,Sant Andreu,60,Sant Andreu,189,9032,1159,2
2026-01-01,9,Sant Andreu,60,Sant Andreu,189,9033,1719,1
2026-01-01,9,Sant Andreu,60,Sant Andreu,189,9033,1646,2
2026-01-01,9,Sant Andreu,60,Sant Andreu,190,9034,795,1
2026-01-01,9,Sant Andreu,60,Sant Andreu,190,9034,672,2
2026-01-01,9,Sant Andreu,60,Sant Andreu,190,9035,840,1
2026-01-01,9,Sant Andreu,60,Sant Andreu,190,9035,772,2
2026-01-01,9,Sant Andreu,60,Sant Andreu,190,9036,801,1
2026-01-01,9,Sant Andreu,60,Sant Andreu,190,9036,703,2
2026-01-01,9,Sant Andreu,60,Sant Andreu,190,9037,898,1
2026-01-01,9,Sant Andreu,60,Sant Andreu,190,9037,845,2
2026-01-01,9,Sant Andreu,60,Sant Andreu,190,9038,929,1
2026-01-01,9,Sant Andreu,60,Sant Andreu,190,9038,822,2
2026-01-01,9,Sant Andreu,60,Sant Andreu,190,9039,837,1
2026-01-01,9,Sant Andreu,60,Sant Andreu,190,9039,721,2
2026-01-01,9,Sant Andreu,60,Sant Andreu,191,9040,941,1
2026-01-01,9,Sant Andreu,60,Sant Andreu,191,9040,805,2
2026-01-01,9,Sant Andreu,60,Sant Andreu,191,9041,771,1
2026-01-01,9,Sant Andreu,60,Sant Andreu,191,9041,660,2
2026-01-01,9,Sant Andreu,60,Sant Andreu,191,9042,711,1
2026-01-01,9,Sant Andreu,60,Sant Andreu,191,9042,588,2
2026-01-01,9,Sant Andreu,60,Sant Andreu,191,9043,728,1
2026-01-01,9,Sant Andreu,60,Sant Andreu,191,9043,664,2
2026-01-01,9,Sant Andreu,60,Sant Andreu,191,9044,816,1
2026-01-01,9,Sant Andreu,60,Sant Andreu,191,9044,777,2
2026-01-01,9,Sant Andreu,60,Sant Andreu,191,9045,769,1
2026-01-01,9,Sant Andreu,60,Sant Andreu,191,9045,652,2
2026-01-01,9,Sant Andreu,60,Sant Andreu,192,9046,707,1
2026-01-01,9,Sant Andreu,60,Sant Andreu,192,9046,597,2
2026-01-01,9,Sant Andreu,60,Sant Andreu,192,9047,861,1
2026-01-01,9,Sant Andreu,60,Sant Andreu,192,9047,762,2
2026-01-01,9,Sant Andreu,60,Sant Andreu,192,9048,730,1
2026-01-01,9,Sant Andreu,60,Sant Andreu,192,9048,615,2
2026-01-01,9,Sant Andreu,60,Sant Andreu,192,9049,691,1
2026-01-01,9,Sant Andreu,60,Sant Andreu,192,9049,604,2
2026-01-01,9,Sant Andreu,60,Sant Andreu,192,9050,824,1
2026-01-01,9,Sant Andreu,60,Sant Andreu,192,9050,750,2
2026-01-01,9,Sant Andreu,60,Sant Andreu,192,9051,659,1
2026-01-01,9,Sant Andreu,60,Sant Andreu,192,9051,622,2
2026-01-01,9,Sant Andreu,60,Sant Andreu,192,9052,644,1
2026-01-01,9,Sant Andreu,60,Sant Andreu,192,9052,600,2
2026-01-01,9,Sant Andreu,60,Sant Andreu,192,9053,895,1
2026-01-01,9,Sant Andreu,60,Sant Andreu,192,9053,796,2
2026-01-01,9,Sant Andreu,60,Sant Andreu,192,9054,598,1
2026-01-01,9,Sant Andreu,60,Sant Andreu,192,9054,511,2
2026-01-01,9,Sant Andreu,61,la Sagrera,193,9055,982,1
2026-01-01,9,Sant Andreu,61,la Sagrera,193,9055,889,2
2026-01-01,9,Sant Andreu,61,la Sagrera,193,9056,609,1
2026-01-01,9,Sant Andreu,61,la Sagrera,193,9056,530,2
2026-01-01,9,Sant Andreu,61,la Sagrera,193,9057,942,1
2026-01-01,9,Sant Andreu,61,la Sagrera,193,9057,903,2
2026-01-01,9,Sant Andreu,61,la Sagrera,193,9058,815,1
2026-01-01,9,Sant Andreu,61,la Sagrera,193,9058,771,2
2026-01-01,9,Sant Andreu,61,la Sagrera,193,9059,748,1
2026-01-01,9,Sant Andreu,61,la Sagrera,193,9059,699,2
2026-01-01,9,Sant Andreu,61,la Sagrera,193,9060,777,1
2026-01-01,9,Sant Andreu,61,la Sagrera,193,9060,672,2
2026-01-01,9,Sant Andreu,61,la Sagrera,193,9156,695,1
2026-01-01,9,Sant Andreu,61,la Sagrera,193,9156,572,2
2026-01-01,9,Sant Andreu,61,la Sagrera,194,9061,946,1
2026-01-01,9,Sant Andreu,61,la Sagrera,194,9061,895,2
2026-01-01,9,Sant Andreu,61,la Sagrera,194,9062,872,1
2026-01-01,9,Sant Andreu,61,la Sagrera,194,9062,820,2
2026-01-01,9,Sant Andreu,61,la Sagrera,195,9063,791,1
2026-01-01,9,Sant Andreu,61,la Sagrera,195,9063,759,2
2026-01-01,9,Sant Andreu,61,la Sagrera,195,9064,633,1
2026-01-01,9,Sant Andreu,61,la Sagrera,195,9064,550,2
2026-01-01,9,Sant Andreu,61,la Sagrera,195,9065,1123,1
2026-01-01,9,Sant Andreu,61,la Sagrera,195,9065,986,2
2026-01-01,9,Sant Andreu,61,la Sagrera,195,9066,767,1
2026-01-01,9,Sant Andreu,61,la Sagrera,195,9066,701,2
2026-01-01,9,Sant Andreu,61,la Sagrera,195,9067,786,1
2026-01-01,9,Sant Andreu,61,la Sagrera,195,9067,710,2
2026-01-01,9,Sant Andreu,61,la Sagrera,196,9068,817,1
2026-01-01,9,Sant Andreu,61,la Sagrera,196,9068,762,2
2026-01-01,9,Sant Andreu,61,la Sagrera,196,9069,550,1
2026-01-01,9,Sant Andreu,61,la Sagrera,196,9069,453,2
2026-01-01,9,Sant Andreu,61,la Sagrera,196,9070,925,1
2026-01-01,9,Sant Andreu,61,la Sagrera,196,9070,849,2
2026-01-01,9,Sant Andreu,61,la Sagrera,196,9071,1026,1
2026-01-01,9,Sant Andreu,61,la Sagrera,196,9071,906,2
2026-01-01,9,Sant Andreu,61,la Sagrera,196,9072,843,1
2026-01-01,9,Sant Andreu,61,la Sagrera,196,9072,704,2
2026-01-01,9,Sant Andreu,61,la Sagrera,196,9073,788,1
2026-01-01,9,Sant Andreu,61,la Sagrera,196,9073,681,2
2026-01-01,9,Sant Andreu,62,el Congrés i els Indians,197,9074,956,1
2026-01-01,9,Sant Andreu,62,el Congrés i els Indians,197,9074,849,2
2026-01-01,9,Sant Andreu,62,el Congrés i els Indians,197,9075,812,1
2026-01-01,9,Sant Andreu,62,el Congrés i els Indians,197,9075,788,2
2026-01-01,9,Sant Andreu,62,el Congrés i els Indians,197,9076,820,1
2026-01-01,9,Sant Andreu,62,el Congrés i els Indians,197,9076,745,2
2026-01-01,9,Sant Andreu,62,el Congrés i els Indians,197,9077,901,1
2026-01-01,9,Sant Andreu,62,el Congrés i els Indians,197,9077,775,2
2026-01-01,9,Sant Andreu,62,el Congrés i els Indians,198,9078,819,1
2026-01-01,9,Sant Andreu,62,el Congrés i els Indians,198,9078,726,2
2026-01-01,9,Sant Andreu,62,el Congrés i els Indians,198,9079,905,1
2026-01-01,9,Sant Andreu,62,el Congrés i els Indians,198,9079,782,2
2026-01-01,9,Sant Andreu,62,el Congrés i els Indians,198,9080,729,1
2026-01-01,9,Sant Andreu,62,el Congrés i els Indians,198,9080,650,2
2026-01-01,9,Sant Andreu,62,el Congrés i els Indians,198,9081,960,1
2026-01-01,9,Sant Andreu,62,el Congrés i els Indians,198,9081,850,2
2026-01-01,9,Sant Andreu,62,el Congrés i els Indians,198,9082,1122,1
2026-01-01,9,Sant Andreu,62,el Congrés i els Indians,198,9082,1065,2
2026-01-01,9,Sant Andreu,63,Navas,199,9083,939,1
2026-01-01,9,Sant Andreu,63,Navas,199,9083,815,2
2026-01-01,9,Sant Andreu,63,Navas,199,9084,921,1
2026-01-01,9,Sant Andreu,63,Navas,199,9084,820,2
2026-01-01,9,Sant Andreu,63,Navas,199,9085,967,1
2026-01-01,9,Sant Andreu,63,Navas,199,9085,818,2
2026-01-01,9,Sant Andreu,63,Navas,199,9086,802,1
2026-01-01,9,Sant Andreu,63,Navas,199,9086,711,2
2026-01-01,9,Sant Andreu,63,Navas,199,9087,664,1
2026-01-01,9,Sant Andreu,63,Navas,199,9087,639,2
2026-01-01,9,Sant Andreu,63,Navas,199,9088,1071,1
2026-01-01,9,Sant Andreu,63,Navas,199,9088,931,2
2026-01-01,9,Sant Andreu,63,Navas,199,9089,822,1
2026-01-01,9,Sant Andreu,63,Navas,199,9089,698,2
2026-01-01,9,Sant Andreu,63,Navas,200,9090,868,1
2026-01-01,9,Sant Andreu,63,Navas,200,9090,765,2
2026-01-01,9,Sant Andreu,63,Navas,200,9091,989,1
2026-01-01,9,Sant Andreu,63,Navas,200,9091,864,2
2026-01-01,9,Sant Andreu,63,Navas,200,9092,974,1
2026-01-01,9,Sant Andreu,63,Navas,200,9092,919,2
2026-01-01,9,Sant Andreu,63,Navas,200,9093,691,1
2026-01-01,9,Sant Andreu,63,Navas,200,9093,602,2
2026-01-01,9,Sant Andreu,63,Navas,200,9094,1071,1
2026-01-01,9,Sant Andreu,63,Navas,200,9094,968,2
2026-01-01,9,Sant Andreu,63,Navas,200,9095,1196,1
2026-01-01,9,Sant Andreu,63,Navas,200,9095,1082,2
2026-01-01,10,Sant Martí,64,el Camp de l'Arpa del Clot,201,10001,836,1
2026-01-01,10,Sant Martí,64,el Camp de l'Arpa del Clot,201,10001,818,2
2026-01-01,10,Sant Martí,64,el Camp de l'Arpa del Clot,201,10002,976,1
2026-01-01,10,Sant Martí,64,el Camp de l'Arpa del Clot,201,10002,963,2
2026-01-01,10,Sant Martí,64,el Camp de l'Arpa del Clot,201,10003,863,1
2026-01-01,10,Sant Martí,64,el Camp de l'Arpa del Clot,201,10003,769,2
2026-01-01,10,Sant Martí,64,el Camp de l'Arpa del Clot,201,10004,870,1
2026-01-01,10,Sant Martí,64,el Camp de l'Arpa del Clot,201,10004,739,2
2026-01-01,10,Sant Martí,64,el Camp de l'Arpa del Clot,201,10005,859,1
2026-01-01,10,Sant Martí,64,el Camp de l'Arpa del Clot,201,10005,735,2
2026-01-01,10,Sant Martí,64,el Camp de l'Arpa del Clot,202,10006,1006,1
2026-01-01,10,Sant Martí,64,el Camp de l'Arpa del Clot,202,10006,894,2
2026-01-01,10,Sant Martí,64,el Camp de l'Arpa del Clot,202,10007,703,1
2026-01-01,10,Sant Martí,64,el Camp de l'Arpa del Clot,202,10007,651,2
2026-01-01,10,Sant Martí,64,el Camp de l'Arpa del Clot,202,10008,993,1
2026-01-01,10,Sant Martí,64,el Camp de l'Arpa del Clot,202,10008,799,2
2026-01-01,10,Sant Martí,64,el Camp de l'Arpa del Clot,202,10009,880,1
2026-01-01,10,Sant Martí,64,el Camp de l'Arpa del Clot,202,10009,804,2
2026-01-01,10,Sant Martí,64,el Camp de l'Arpa del Clot,202,10010,966,1
2026-01-01,10,Sant Martí,64,el Camp de l'Arpa del Clot,202,10010,827,2
2026-01-01,10,Sant Martí,64,el Camp de l'Arpa del Clot,202,10011,685,1
2026-01-01,10,Sant Martí,64,el Camp de l'Arpa del Clot,202,10011,567,2
2026-01-01,10,Sant Martí,64,el Camp de l'Arpa del Clot,203,10012,920,1
2026-01-01,10,Sant Martí,64,el Camp de l'Arpa del Clot,203,10012,848,2
2026-01-01,10,Sant Martí,64,el Camp de l'Arpa del Clot,203,10013,760,1
2026-01-01,10,Sant Martí,64,el Camp de l'Arpa del Clot,203,10013,679,2
2026-01-01,10,Sant Martí,64,el Camp de l'Arpa del Clot,203,10014,742,1
2026-01-01,10,Sant Martí,64,el Camp de l'Arpa del Clot,203,10014,666,2
2026-01-01,10,Sant Martí,64,el Camp de l'Arpa del Clot,203,10015,1066,1
2026-01-01,10,Sant Martí,64,el Camp de l'Arpa del Clot,203,10015,977,2
2026-01-01,10,Sant Martí,64,el Camp de l'Arpa del Clot,203,10016,651,1
2026-01-01,10,Sant Martí,64,el Camp de l'Arpa del Clot,203,10016,637,2
2026-01-01,10,Sant Martí,64,el Camp de l'Arpa del Clot,203,10017,894,1
2026-01-01,10,Sant Martí,64,el Camp de l'Arpa del Clot,203,10017,778,2
2026-01-01,10,Sant Martí,64,el Camp de l'Arpa del Clot,203,10018,769,1
2026-01-01,10,Sant Martí,64,el Camp de l'Arpa del Clot,203,10018,707,2
2026-01-01,10,Sant Martí,64,el Camp de l'Arpa del Clot,204,10019,859,1
2026-01-01,10,Sant Martí,64,el Camp de l'Arpa del Clot,204,10019,730,2
2026-01-01,10,Sant Martí,64,el Camp de l'Arpa del Clot,204,10020,803,1
2026-01-01,10,Sant Martí,64,el Camp de l'Arpa del Clot,204,10020,704,2
2026-01-01,10,Sant Martí,64,el Camp de l'Arpa del Clot,204,10021,686,1
2026-01-01,10,Sant Martí,64,el Camp de l'Arpa del Clot,204,10021,633,2
2026-01-01,10,Sant Martí,64,el Camp de l'Arpa del Clot,204,10022,718,1
2026-01-01,10,Sant Martí,64,el Camp de l'Arpa del Clot,204,10022,655,2
2026-01-01,10,Sant Martí,64,el Camp de l'Arpa del Clot,204,10023,780,1
2026-01-01,10,Sant Martí,64,el Camp de l'Arpa del Clot,204,10023,695,2
2026-01-01,10,Sant Martí,64,el Camp de l'Arpa del Clot,204,10024,830,1
2026-01-01,10,Sant Martí,64,el Camp de l'Arpa del Clot,204,10024,745,2
2026-01-01,10,Sant Martí,64,el Camp de l'Arpa del Clot,204,10025,768,1
2026-01-01,10,Sant Martí,64,el Camp de l'Arpa del Clot,204,10025,632,2
2026-01-01,10,Sant Martí,65,el Clot,205,10026,884,1
2026-01-01,10,Sant Martí,65,el Clot,205,10026,842,2
2026-01-01,10,Sant Martí,65,el Clot,205,10027,824,1
2026-01-01,10,Sant Martí,65,el Clot,205,10027,725,2
2026-01-01,10,Sant Martí,65,el Clot,205,10028,938,1
2026-01-01,10,Sant Martí,65,el Clot,205,10028,870,2
2026-01-01,10,Sant Martí,65,el Clot,205,10029,735,1
2026-01-01,10,Sant Martí,65,el Clot,205,10029,694,2
2026-01-01,10,Sant Martí,65,el Clot,205,10030,934,1
2026-01-01,10,Sant Martí,65,el Clot,205,10030,841,2
2026-01-01,10,Sant Martí,65,el Clot,205,10031,827,1
2026-01-01,10,Sant Martí,65,el Clot,205,10031,757,2
2026-01-01,10,Sant Martí,65,el Clot,206,10032,690,1
2026-01-01,10,Sant Martí,65,el Clot,206,10032,624,2
2026-01-01,10,Sant Martí,65,el Clot,206,10033,453,1
2026-01-01,10,Sant Martí,65,el Clot,206,10033,372,2
2026-01-01,10,Sant Martí,65,el Clot,206,10034,850,1
2026-01-01,10,Sant Martí,65,el Clot,206,10034,770,2
2026-01-01,10,Sant Martí,65,el Clot,206,10035,990,1
2026-01-01,10,Sant Martí,65,el Clot,206,10035,921,2
2026-01-01,10,Sant Martí,65,el Clot,206,10036,703,1
2026-01-01,10,Sant Martí,65,el Clot,206,10036,712,2
2026-01-01,10,Sant Martí,65,el Clot,206,10037,560,1
2026-01-01,10,Sant Martí,65,el Clot,206,10037,545,2
2026-01-01,10,Sant Martí,65,el Clot,206,10234,938,1
2026-01-01,10,Sant Martí,65,el Clot,206,10234,809,2
2026-01-01,10,Sant Martí,65,el Clot,207,10038,872,1
2026-01-01,10,Sant Martí,65,el Clot,207,10038,787,2
2026-01-01,10,Sant Martí,65,el Clot,207,10039,977,1
2026-01-01,10,Sant Martí,65,el Clot,207,10039,912,2
2026-01-01,10,Sant Martí,65,el Clot,207,10040,993,1
2026-01-01,10,Sant Martí,65,el Clot,207,10040,938,2
2026-01-01,10,Sant Martí,65,el Clot,207,10041,870,1
2026-01-01,10,Sant Martí,65,el Clot,207,10041,750,2
2026-01-01,10,Sant Martí,66,el Parc i la Llacuna del Poblenou,208,10042,1932,1
2026-01-01,10,Sant Martí,66,el Parc i la Llacuna del Poblenou,208,10042,1781,2
2026-01-01,10,Sant Martí,66,el Parc i la Llacuna del Poblenou,208,10043,1642,1
2026-01-01,10,Sant Martí,66,el Parc i la Llacuna del Poblenou,208,10043,1659,2
2026-01-01,10,Sant Martí,66,el Parc i la Llacuna del Poblenou,209,10044,847,1
2026-01-01,10,Sant Martí,66,el Parc i la Llacuna del Poblenou,209,10044,776,2
2026-01-01,10,Sant Martí,66,el Parc i la Llacuna del Poblenou,209,10045,685,1
2026-01-01,10,Sant Martí,66,el Parc i la Llacuna del Poblenou,209,10045,577,2
2026-01-01,10,Sant Martí,66,el Parc i la Llacuna del Poblenou,209,10046,695,1
2026-01-01,10,Sant Martí,66,el Parc i la Llacuna del Poblenou,209,10046,566,2
2026-01-01,10,Sant Martí,66,el Parc i la Llacuna del Poblenou,209,10047,1013,1
2026-01-01,10,Sant Martí,66,el Parc i la Llacuna del Poblenou,209,10047,1079,2
2026-01-01,10,Sant Martí,66,el Parc i la Llacuna del Poblenou,209,10048,809,1
2026-01-01,10,Sant Martí,66,el Parc i la Llacuna del Poblenou,209,10048,815,2
2026-01-01,10,Sant Martí,66,el Parc i la Llacuna del Poblenou,209,10049,619,1
2026-01-01,10,Sant Martí,66,el Parc i la Llacuna del Poblenou,209,10049,597,2
2026-01-01,10,Sant Martí,66,el Parc i la Llacuna del Poblenou,209,10050,818,1
2026-01-01,10,Sant Martí,66,el Parc i la Llacuna del Poblenou,209,10050,729,2
2026-01-01,10,Sant Martí,67,la Vila Olímpica del Poblenou,210,10051,859,1
2026-01-01,10,Sant Martí,67,la Vila Olímpica del Poblenou,210,10051,829,2
2026-01-01,10,Sant Martí,67,la Vila Olímpica del Poblenou,210,10052,1208,1
2026-01-01,10,Sant Martí,67,la Vila Olímpica del Poblenou,210,10052,1227,2
2026-01-01,10,Sant Martí,67,la Vila Olímpica del Poblenou,210,10053,857,1
2026-01-01,10,Sant Martí,67,la Vila Olímpica del Poblenou,210,10053,812,2
2026-01-01,10,Sant Martí,67,la Vila Olímpica del Poblenou,210,10054,484,1
2026-01-01,10,Sant Martí,67,la Vila Olímpica del Poblenou,210,10054,462,2
2026-01-01,10,Sant Martí,67,la Vila Olímpica del Poblenou,211,10055,1304,1
2026-01-01,10,Sant Martí,67,la Vila Olímpica del Poblenou,211,10055,1251,2
2026-01-01,10,Sant Martí,68,el Poblenou,212,10056,945,1
2026-01-01,10,Sant Martí,68,el Poblenou,212,10056,932,2
2026-01-01,10,Sant Martí,68,el Poblenou,212,10057,735,1
2026-01-01,10,Sant Martí,68,el Poblenou,212,10057,721,2
2026-01-01,10,Sant Martí,68,el Poblenou,212,10058,600,1
2026-01-01,10,Sant Martí,68,el Poblenou,212,10058,602,2
2026-01-01,10,Sant Martí,68,el Poblenou,213,10059,946,1
2026-01-01,10,Sant Martí,68,el Poblenou,213,10059,893,2
2026-01-01,10,Sant Martí,68,el Poblenou,213,10060,856,1
2026-01-01,10,Sant Martí,68,el Poblenou,213,10060,857,2
2026-01-01,10,Sant Martí,68,el Poblenou,213,10061,912,1
2026-01-01,10,Sant Martí,68,el Poblenou,213,10061,825,2
2026-01-01,10,Sant Martí,68,el Poblenou,213,10062,784,1
2026-01-01,10,Sant Martí,68,el Poblenou,213,10062,701,2
2026-01-01,10,Sant Martí,68,el Poblenou,214,10063,701,1
2026-01-01,10,Sant Martí,68,el Poblenou,214,10063,631,2
2026-01-01,10,Sant Martí,68,el Poblenou,214,10064,908,1
2026-01-01,10,Sant Martí,68,el Poblenou,214,10064,837,2
2026-01-01,10,Sant Martí,68,el Poblenou,214,10065,867,1
2026-01-01,10,Sant Martí,68,el Poblenou,214,10065,782,2
2026-01-01,10,Sant Martí,68,el Poblenou,214,10066,1069,1
2026-01-01,10,Sant Martí,68,el Poblenou,214,10066,1008,2
2026-01-01,10,Sant Martí,68,el Poblenou,214,10067,963,1
2026-01-01,10,Sant Martí,68,el Poblenou,214,10067,893,2
2026-01-01,10,Sant Martí,68,el Poblenou,214,10068,809,1
2026-01-01,10,Sant Martí,68,el Poblenou,214,10068,801,2
2026-01-01,10,Sant Martí,68,el Poblenou,215,10069,1494,1
2026-01-01,10,Sant Martí,68,el Poblenou,215,10069,1390,2
2026-01-01,10,Sant Martí,68,el Poblenou,215,10070,896,1
2026-01-01,10,Sant Martí,68,el Poblenou,215,10070,778,2
2026-01-01,10,Sant Martí,68,el Poblenou,215,10071,872,1
2026-01-01,10,Sant Martí,68,el Poblenou,215,10071,847,2
2026-01-01,10,Sant Martí,68,el Poblenou,215,10072,1083,1
2026-01-01,10,Sant Martí,68,el Poblenou,215,10072,992,2
2026-01-01,10,Sant Martí,68,el Poblenou,215,10073,770,1
2026-01-01,10,Sant Martí,68,el Poblenou,215,10073,693,2
2026-01-01,10,Sant Martí,68,el Poblenou,215,10074,925,1
2026-01-01,10,Sant Martí,68,el Poblenou,215,10074,879,2
2026-01-01,10,Sant Martí,68,el Poblenou,215,10075,790,1
2026-01-01,10,Sant Martí,68,el Poblenou,215,10075,749,2
2026-01-01,10,Sant Martí,69,Diagonal Mar i el Front Marítim del Poblenou,216,10076,1173,1
2026-01-01,10,Sant Martí,69,Diagonal Mar i el Front Marítim del Poblenou,216,10076,1113,2
2026-01-01,10,Sant Martí,69,Diagonal Mar i el Front Marítim del Poblenou,216,10235,732,1
2026-01-01,10,Sant Martí,69,Diagonal Mar i el Front Marítim del Poblenou,216,10235,689,2
2026-01-01,10,Sant Martí,69,Diagonal Mar i el Front Marítim del Poblenou,216,10236,860,1
2026-01-01,10,Sant Martí,69,Diagonal Mar i el Front Marítim del Poblenou,216,10236,740,2
2026-01-01,10,Sant Martí,69,Diagonal Mar i el Front Marítim del Poblenou,217,10077,923,1
2026-01-01,10,Sant Martí,69,Diagonal Mar i el Front Marítim del Poblenou,217,10077,919,2
2026-01-01,10,Sant Martí,69,Diagonal Mar i el Front Marítim del Poblenou,217,10078,1211,1
2026-01-01,10,Sant Martí,69,Diagonal Mar i el Front Marítim del Poblenou,217,10078,1227,2
2026-01-01,10,Sant Martí,69,Diagonal Mar i el Front Marítim del Poblenou,217,10079,854,1
2026-01-01,10,Sant Martí,69,Diagonal Mar i el Front Marítim del Poblenou,217,10079,814,2
2026-01-01,10,Sant Martí,69,Diagonal Mar i el Front Marítim del Poblenou,218,10080,1254,1
2026-01-01,10,Sant Martí,69,Diagonal Mar i el Front Marítim del Poblenou,218,10080,1262,2
2026-01-01,10,Sant Martí,70,el Besòs i el Maresme,219,10081,1149,1
2026-01-01,10,Sant Martí,70,el Besòs i el Maresme,219,10081,1148,2
2026-01-01,10,Sant Martí,70,el Besòs i el Maresme,219,10082,1074,1
2026-01-01,10,Sant Martí,70,el Besòs i el Maresme,219,10082,1206,2
2026-01-01,10,Sant Martí,70,el Besòs i el Maresme,219,10083,1049,1
2026-01-01,10,Sant Martí,70,el Besòs i el Maresme,219,10083,1333,2
2026-01-01,10,Sant Martí,70,el Besòs i el Maresme,219,10084,838,1
2026-01-01,10,Sant Martí,70,el Besòs i el Maresme,219,10084,874,2
2026-01-01,10,Sant Martí,70,el Besòs i el Maresme,220,10085,1052,1
2026-01-01,10,Sant Martí,70,el Besòs i el Maresme,220,10085,1190,2
2026-01-01,10,Sant Martí,70,el Besòs i el Maresme,220,10086,1041,1
2026-01-01,10,Sant Martí,70,el Besòs i el Maresme,220,10086,1080,2
2026-01-01,10,Sant Martí,70,el Besòs i el Maresme,220,10087,949,1
2026-01-01,10,Sant Martí,70,el Besòs i el Maresme,220,10087,1011,2
2026-01-01,10,Sant Martí,70,el Besòs i el Maresme,220,10088,859,1
2026-01-01,10,Sant Martí,70,el Besòs i el Maresme,220,10088,819,2
2026-01-01,10,Sant Martí,70,el Besòs i el Maresme,221,10089,2514,1
2026-01-01,10,Sant Martí,70,el Besòs i el Maresme,221,10089,4823,2
2026-01-01,10,Sant Martí,70,el Besòs i el Maresme,222,10090,789,1
2026-01-01,10,Sant Martí,70,el Besòs i el Maresme,222,10090,750,2
2026-01-01,10,Sant Martí,70,el Besòs i el Maresme,222,10091,1022,1
2026-01-01,10,Sant Martí,70,el Besòs i el Maresme,222,10091,1023,2
2026-01-01,10,Sant Martí,70,el Besòs i el Maresme,222,10092,772,1
2026-01-01,10,Sant Martí,70,el Besòs i el Maresme,222,10092,694,2
2026-01-01,10,Sant Martí,70,el Besòs i el Maresme,222,10093,846,1
2026-01-01,10,Sant Martí,70,el Besòs i el Maresme,222,10093,790,2
2026-01-01,10,Sant Martí,71,Provençals del Poblenou,223,10094,1834,1
2026-01-01,10,Sant Martí,71,Provençals del Poblenou,223,10094,1830,2
2026-01-01,10,Sant Martí,71,Provençals del Poblenou,223,10095,741,1
2026-01-01,10,Sant Martí,71,Provençals del Poblenou,223,10095,723,2
2026-01-01,10,Sant Martí,71,Provençals del Poblenou,224,10096,862,1
2026-01-01,10,Sant Martí,71,Provençals del Poblenou,224,10096,802,2
2026-01-01,10,Sant Martí,71,Provençals del Poblenou,224,10097,820,1
2026-01-01,10,Sant Martí,71,Provençals del Poblenou,224,10097,754,2
2026-01-01,10,Sant Martí,71,Provençals del Poblenou,224,10098,895,1
2026-01-01,10,Sant Martí,71,Provençals del Poblenou,224,10098,824,2
2026-01-01,10,Sant Martí,71,Provençals del Poblenou,224,10099,586,1
2026-01-01,10,Sant Martí,71,Provençals del Poblenou,224,10099,531,2
2026-01-01,10,Sant Martí,71,Provençals del Poblenou,224,10100,944,1
2026-01-01,10,Sant Martí,71,Provençals del Poblenou,224,10100,858,2
2026-01-01,10,Sant Martí,71,Provençals del Poblenou,225,10101,901,1
2026-01-01,10,Sant Martí,71,Provençals del Poblenou,225,10101,896,2
2026-01-01,10,Sant Martí,71,Provençals del Poblenou,225,10102,1388,1
2026-01-01,10,Sant Martí,71,Provençals del Poblenou,225,10102,1275,2
2026-01-01,10,Sant Martí,71,Provençals del Poblenou,225,10103,1172,1
2026-01-01,10,Sant Martí,71,Provençals del Poblenou,225,10103,1005,2
2026-01-01,10,Sant Martí,71,Provençals del Poblenou,225,10104,809,1
2026-01-01,10,Sant Martí,71,Provençals del Poblenou,225,10104,717,2
2026-01-01,10,Sant Martí,71,Provençals del Poblenou,225,10237,509,1
2026-01-01,10,Sant Martí,71,Provençals del Poblenou,225,10237,400,2
2026-01-01,10,Sant Martí,72,Sant Martí de Provençals,226,10105,1140,1
2026-01-01,10,Sant Martí,72,Sant Martí de Provençals,226,10105,995,2
2026-01-01,10,Sant Martí,72,Sant Martí de Provençals,226,10106,570,1
2026-01-01,10,Sant Martí,72,Sant Martí de Provençals,226,10106,475,2
2026-01-01,10,Sant Martí,72,Sant Martí de Provençals,226,10107,796,1
2026-01-01,10,Sant Martí,72,Sant Martí de Provençals,226,10107,728,2
2026-01-01,10,Sant Martí,72,Sant Martí de Provençals,226,10108,722,1
2026-01-01,10,Sant Martí,72,Sant Martí de Provençals,226,10108,634,2
2026-01-01,10,Sant Martí,72,Sant Martí de Provençals,226,10109,938,1
2026-01-01,10,Sant Martí,72,Sant Martí de Provençals,226,10109,849,2
2026-01-01,10,Sant Martí,72,Sant Martí de Provençals,226,10110,1029,1
2026-01-01,10,Sant Martí,72,Sant Martí de Provençals,226,10110,951,2
2026-01-01,10,Sant Martí,72,Sant Martí de Provençals,227,10111,713,1
2026-01-01,10,Sant Martí,72,Sant Martí de Provençals,227,10111,607,2
2026-01-01,10,Sant Martí,72,Sant Martí de Provençals,227,10112,794,1
2026-01-01,10,Sant Martí,72,Sant Martí de Provençals,227,10112,695,2
2026-01-01,10,Sant Martí,72,Sant Martí de Provençals,227,10113,645,1
2026-01-01,10,Sant Martí,72,Sant Martí de Provençals,227,10113,593,2
2026-01-01,10,Sant Martí,72,Sant Martí de Provençals,227,10114,839,1
2026-01-01,10,Sant Martí,72,Sant Martí de Provençals,227,10114,767,2
2026-01-01,10,Sant Martí,72,Sant Martí de Provençals,228,10115,774,1
2026-01-01,10,Sant Martí,72,Sant Martí de Provençals,228,10115,666,2
2026-01-01,10,Sant Martí,72,Sant Martí de Provençals,228,10116,1035,1
2026-01-01,10,Sant Martí,72,Sant Martí de Provençals,228,10116,901,2
2026-01-01,10,Sant Martí,72,Sant Martí de Provençals,228,10117,669,1
2026-01-01,10,Sant Martí,72,Sant Martí de Provençals,228,10117,617,2
2026-01-01,10,Sant Martí,72,Sant Martí de Provençals,228,10118,526,1
2026-01-01,10,Sant Martí,72,Sant Martí de Provençals,228,10118,475,2
2026-01-01,10,Sant Martí,72,Sant Martí de Provençals,228,10119,654,1
2026-01-01,10,Sant Martí,72,Sant Martí de Provençals,228,10119,577,2
2026-01-01,10,Sant Martí,72,Sant Martí de Provençals,229,10120,847,1
2026-01-01,10,Sant Martí,72,Sant Martí de Provençals,229,10120,740,2
2026-01-01,10,Sant Martí,72,Sant Martí de Provençals,229,10121,833,1
2026-01-01,10,Sant Martí,72,Sant Martí de Provençals,229,10121,790,2
2026-01-01,10,Sant Martí,72,Sant Martí de Provençals,229,10122,769,1
2026-01-01,10,Sant Martí,72,Sant Martí de Provençals,229,10122,682,2
2026-01-01,10,Sant Martí,73,la Verneda i la Pau,230,10123,712,1
2026-01-01,10,Sant Martí,73,la Verneda i la Pau,230,10123,637,2
2026-01-01,10,Sant Martí,73,la Verneda i la Pau,230,10124,546,1
2026-01-01,10,Sant Martí,73,la Verneda i la Pau,230,10124,503,2
2026-01-01,10,Sant Martí,73,la Verneda i la Pau,230,10125,590,1
2026-01-01,10,Sant Martí,73,la Verneda i la Pau,230,10125,522,2
2026-01-01,10,Sant Martí,73,la Verneda i la Pau,230,10126,498,1
2026-01-01,10,Sant Martí,73,la Verneda i la Pau,230,10126,470,2
2026-01-01,10,Sant Martí,73,la Verneda i la Pau,230,10127,510,1
2026-01-01,10,Sant Martí,73,la Verneda i la Pau,230,10127,491,2
2026-01-01,10,Sant Martí,73,la Verneda i la Pau,230,10128,866,1
2026-01-01,10,Sant Martí,73,la Verneda i la Pau,230,10128,708,2
2026-01-01,10,Sant Martí,73,la Verneda i la Pau,230,10129,578,1
2026-01-01,10,Sant Martí,73,la Verneda i la Pau,230,10129,546,2
2026-01-01,10,Sant Martí,73,la Verneda i la Pau,231,10130,650,1
2026-01-01,10,Sant Martí,73,la Verneda i la Pau,231,10130,594,2
2026-01-01,10,Sant Martí,73,la Verneda i la Pau,231,10131,531,1
2026-01-01,10,Sant Martí,73,la Verneda i la Pau,231,10131,475,2
2026-01-01,10,Sant Martí,73,la Verneda i la Pau,231,10132,663,1
2026-01-01,10,Sant Martí,73,la Verneda i la Pau,231,10132,583,2
2026-01-01,10,Sant Martí,73,la Verneda i la Pau,231,10133,937,1
2026-01-01,10,Sant Martí,73,la Verneda i la Pau,231,10133,832,2
2026-01-01,10,Sant Martí,73,la Verneda i la Pau,231,10134,894,1
2026-01-01,10,Sant Martí,73,la Verneda i la Pau,231,10134,741,2
2026-01-01,10,Sant Martí,73,la Verneda i la Pau,231,10135,631,1
2026-01-01,10,Sant Martí,73,la Verneda i la Pau,231,10135,567,2
2026-01-01,10,Sant Martí,73,la Verneda i la Pau,232,10136,790,1
2026-01-01,10,Sant Martí,73,la Verneda i la Pau,232,10136,721,2
2026-01-01,10,Sant Martí,73,la Verneda i la Pau,232,10137,863,1
2026-01-01,10,Sant Martí,73,la Verneda i la Pau,232,10137,768,2
2026-01-01,10,Sant Martí,73,la Verneda i la Pau,232,10138,1662,1
2026-01-01,10,Sant Martí,73,la Verneda i la Pau,232,10138,1660,2
2026-01-01,10,Sant Martí,73,la Verneda i la Pau,232,10139,900,1
2026-01-01,10,Sant Martí,73,la Verneda i la Pau,232,10139,833,2
2026-01-01,10,Sant Martí,73,la Verneda i la Pau,233,10140,869,1
2026-01-01,10,Sant Martí,73,la Verneda i la Pau,233,10140,870,2
2026-01-01,10,Sant Martí,73,la Verneda i la Pau,233,10141,602,1
2026-01-01,10,Sant Martí,73,la Verneda i la Pau,233,10141,552,2
2026-01-01,10,Sant Martí,73,la Verneda i la Pau,233,10142,903,1
2026-01-01,10,Sant Martí,73,la Verneda i la Pau,233,10142,833,2
2026-01-01,10,Sant Martí,73,la Verneda i la Pau,233,10143,961,1
2026-01-01,10,Sant Martí,73,la Verneda i la Pau,233,10143,876,2
